"CRNII","lbin","1.5","2","2.5","3","3.5","4","4.5","5","5.5","6","6.5","7","LAT","LONG"
"2007001",175,0,0,0,0,0,0,0,0,0,0,0,0,41.5391,-82.4841
"2007001",200,0,0,0,0,0,0,0,0,0,0,0,0,41.5391,-82.4841
"2007001",225,0,0,0,0,0,0,0,0,0,0,0,0,41.5391,-82.4841
"2007001",250,0,0,0,0,0,0,0,0,0,0,0,0,41.5391,-82.4841
"2007001",275,0,1,0,0,0,0,0,0,0,0,0,0,41.5391,-82.4841
"2007001",300,0,0,0,0,0,0,0,0,0,0,0,0,41.5391,-82.4841
"2007001",325,0,0,0,0,0,0,0,0,0,0,0,0,41.5391,-82.4841
"2007001",350,0,0,0,0,0,0,0,0,0,0,0,0,41.5391,-82.4841
"2007001",375,0,0,0,0,0,0,0,0,0,0,0,0,41.5391,-82.4841
"2007001",400,0,0,0,0,0,1,0,0,0,0,0,0,41.5391,-82.4841
"2007001",425,0,0,1,0,0,0,0,0,0,0,0,0,41.5391,-82.4841
"2007001",450,0,0,1,0,0,0,0,0,0,0,0,0,41.5391,-82.4841
"2007001",475,0,0,0,1,0,3,0,0,0,0,0,0,41.5391,-82.4841
"2007001",500,0,0,0,0,0,0,1,0,0,0,0,0,41.5391,-82.4841
"2007001",525,0,0,0,0,0,0,0,0,0,0,0,0,41.5391,-82.4841
"2007001",550,0,0,0,0,0,0,1,1,0,0,0,0,41.5391,-82.4841
"2007001",575,0,0,0,0,0,0,0,0,0,0,0,0,41.5391,-82.4841
"2007001",600,0,0,0,0,0,0,0,0,0,0,0,0,41.5391,-82.4841
"2007001",625,0,0,0,0,0,0,0,0,0,0,0,0,41.5391,-82.4841
"2007001",650,0,0,0,0,0,0,0,0,0,0,0,0,41.5391,-82.4841
"2007001",675,0,0,0,0,0,0,0,0,0,0,0,0,41.5391,-82.4841
"2007001",700,0,0,0,0,0,0,0,0,0,0,0,0,41.5391,-82.4841
"2007001",725,0,0,0,0,0,0,0,0,0,1,0,0,41.5391,-82.4841
"2007001",750,0,0,0,0,0,0,0,0,0,0,0,0,41.5391,-82.4841
"2007001",775,0,0,0,0,0,0,0,0,0,0,0,0,41.5391,-82.4841
"2007002",175,0,0,0,0,0,0,0,0,0,0,0,0,41.4157,-82.476
"2007002",200,0,0,0,0,0,0,0,0,0,0,0,0,41.4157,-82.476
"2007002",225,0,0,0,0,0,0,0,0,0,0,0,0,41.4157,-82.476
"2007002",250,0,0,0,0,0,0,0,0,0,0,0,0,41.4157,-82.476
"2007002",275,0,0,0,0,0,0,0,0,0,0,0,0,41.4157,-82.476
"2007002",300,0,0,0,0,0,0,0,0,0,0,0,0,41.4157,-82.476
"2007002",325,0,0,0,0,0,0,0,0,0,0,0,0,41.4157,-82.476
"2007002",350,0,0,0,0,0,0,0,0,0,0,0,0,41.4157,-82.476
"2007002",375,0,0,2,0,0,0,0,0,0,0,0,0,41.4157,-82.476
"2007002",400,0,0,2,2,0,0,0,0,0,0,0,0,41.4157,-82.476
"2007002",425,0,0,1,1,0,0,0,0,0,0,0,0,41.4157,-82.476
"2007002",450,0,0,1,2,3,0,0,0,0,0,0,0,41.4157,-82.476
"2007002",475,0,0,3,2,4,7,1,0,0,0,0,0,41.4157,-82.476
"2007002",500,0,0,1,3,3,1,0,0,0,0,0,0,41.4157,-82.476
"2007002",525,0,0,0,0,0,0,1,1,0,0,0,0,41.4157,-82.476
"2007002",550,0,0,0,1,1,0,0,0,0,0,0,0,41.4157,-82.476
"2007002",575,0,0,0,0,0,0,0,0,0,0,0,0,41.4157,-82.476
"2007002",600,0,0,0,0,1,0,0,0,0,0,0,0,41.4157,-82.476
"2007002",625,0,0,0,0,0,0,0,0,0,0,0,0,41.4157,-82.476
"2007002",650,0,0,0,0,0,0,0,0,0,0,0,0,41.4157,-82.476
"2007002",675,0,0,0,0,0,0,0,0,0,0,0,0,41.4157,-82.476
"2007002",700,0,0,0,0,0,0,0,0,0,0,0,0,41.4157,-82.476
"2007002",725,0,0,0,0,0,0,0,0,0,0,0,0,41.4157,-82.476
"2007002",750,0,0,0,0,0,0,0,0,0,0,0,0,41.4157,-82.476
"2007002",775,0,0,0,0,0,0,0,0,0,0,0,0,41.4157,-82.476
"2007003",175,0,0,0,0,0,0,0,0,0,0,0,0,41.424,-82.4997
"2007003",200,0,0,0,0,0,0,0,0,0,0,0,0,41.424,-82.4997
"2007003",225,0,0,0,0,0,0,0,0,0,0,0,0,41.424,-82.4997
"2007003",250,0,0,0,0,0,0,0,0,0,0,0,0,41.424,-82.4997
"2007003",275,0,0,0,0,0,0,0,0,0,0,0,0,41.424,-82.4997
"2007003",300,0,0,0,0,0,0,0,0,0,0,0,0,41.424,-82.4997
"2007003",325,0,0,0,0,0,1,0,0,0,0,0,0,41.424,-82.4997
"2007003",350,0,0,1,0,0,0,0,0,0,0,0,0,41.424,-82.4997
"2007003",375,0,0,1,0,1,0,0,0,0,0,0,0,41.424,-82.4997
"2007003",400,0,0,0,1,0,0,0,0,0,0,0,0,41.424,-82.4997
"2007003",425,0,0,0,1,1,0,0,0,0,0,0,0,41.424,-82.4997
"2007003",450,0,0,0,2,2,0,0,0,0,0,0,0,41.424,-82.4997
"2007003",475,0,0,3,0,3,1,0,0,0,0,0,0,41.424,-82.4997
"2007003",500,0,0,1,1,0,2,2,0,0,0,0,0,41.424,-82.4997
"2007003",525,0,0,0,0,1,0,0,0,0,0,0,0,41.424,-82.4997
"2007003",550,0,0,0,1,0,0,2,0,0,0,0,0,41.424,-82.4997
"2007003",575,0,0,0,0,0,0,0,1,0,0,0,0,41.424,-82.4997
"2007003",600,0,0,0,0,0,0,0,0,0,0,0,0,41.424,-82.4997
"2007003",625,0,0,0,0,0,0,0,0,0,0,0,0,41.424,-82.4997
"2007003",650,0,0,0,0,0,0,0,0,0,0,0,0,41.424,-82.4997
"2007003",675,0,0,0,0,0,0,0,0,0,0,0,0,41.424,-82.4997
"2007003",700,0,0,0,0,0,0,0,0,0,0,0,0,41.424,-82.4997
"2007003",725,0,0,0,0,0,0,0,0,0,0,0,0,41.424,-82.4997
"2007003",750,0,0,0,0,0,0,0,0,0,0,0,0,41.424,-82.4997
"2007003",775,0,0,0,0,0,0,0,0,0,0,0,0,41.424,-82.4997
"2007004",175,0,0,0,0,0,0,0,0,0,0,0,0,41.5391,-82.4841
"2007004",200,0,0,0,0,0,0,0,0,0,0,0,0,41.5391,-82.4841
"2007004",225,0,0,0,0,0,0,0,0,0,0,0,0,41.5391,-82.4841
"2007004",250,0,0,0,0,0,0,0,0,0,0,0,0,41.5391,-82.4841
"2007004",275,0,0,0,0,0,0,0,0,0,0,0,0,41.5391,-82.4841
"2007004",300,0,0,0,0,0,0,0,0,0,0,0,0,41.5391,-82.4841
"2007004",325,0,0,0,0,0,0,0,0,0,0,0,0,41.5391,-82.4841
"2007004",350,0,0,0,0,0,0,0,0,0,0,0,0,41.5391,-82.4841
"2007004",375,0,1,0,0,0,0,0,0,0,0,0,0,41.5391,-82.4841
"2007004",400,0,0,0,1,1,0,0,0,0,0,0,0,41.5391,-82.4841
"2007004",425,0,0,3,0,0,1,1,0,0,0,0,0,41.5391,-82.4841
"2007004",450,0,0,1,1,4,3,0,0,0,0,0,0,41.5391,-82.4841
"2007004",475,0,0,1,5,4,5,0,0,0,0,0,0,41.5391,-82.4841
"2007004",500,0,1,0,3,6,2,3,0,0,0,0,0,41.5391,-82.4841
"2007004",525,0,0,0,1,1,2,3,2,0,0,0,0,41.5391,-82.4841
"2007004",550,0,0,0,4,1,3,1,1,0,0,0,0,41.5391,-82.4841
"2007004",575,0,0,0,1,1,0,1,0,0,0,0,0,41.5391,-82.4841
"2007004",600,0,0,0,0,0,0,1,1,0,0,0,0,41.5391,-82.4841
"2007004",625,0,0,0,0,0,0,0,1,0,0,0,0,41.5391,-82.4841
"2007004",650,0,0,0,0,0,0,0,0,1,0,0,0,41.5391,-82.4841
"2007004",675,0,0,0,0,0,0,1,0,0,0,0,0,41.5391,-82.4841
"2007004",700,0,0,0,0,0,0,0,0,0,0,0,0,41.5391,-82.4841
"2007004",725,0,0,0,0,0,0,0,0,0,0,0,0,41.5391,-82.4841
"2007004",750,0,0,0,0,0,0,0,0,0,0,0,0,41.5391,-82.4841
"2007004",775,0,0,0,0,0,0,0,0,0,0,0,0,41.5391,-82.4841
"2007005",175,0,0,0,0,0,0,0,0,0,0,0,0,41.3916,-82.5033
"2007005",200,0,0,0,0,0,0,0,0,0,0,0,0,41.3916,-82.5033
"2007005",225,0,0,0,0,0,0,0,0,0,0,0,0,41.3916,-82.5033
"2007005",250,0,0,0,0,0,0,0,0,0,0,0,0,41.3916,-82.5033
"2007005",275,0,1,0,0,0,0,0,0,0,0,0,0,41.3916,-82.5033
"2007005",300,0,0,1,0,0,0,0,0,0,0,0,0,41.3916,-82.5033
"2007005",325,0,0,0,0,0,0,0,0,0,0,0,0,41.3916,-82.5033
"2007005",350,0,0,0,0,0,0,0,0,0,0,0,0,41.3916,-82.5033
"2007005",375,0,0,0,1,0,0,0,0,0,0,0,0,41.3916,-82.5033
"2007005",400,0,0,3,0,2,0,0,0,0,0,0,0,41.3916,-82.5033
"2007005",425,0,1,0,0,0,0,0,0,0,0,0,0,41.3916,-82.5033
"2007005",450,0,0,1,1,4,1,0,1,0,0,0,0,41.3916,-82.5033
"2007005",475,0,0,0,3,4,7,0,1,1,0,0,0,41.3916,-82.5033
"2007005",500,0,0,0,2,4,6,2,0,0,0,0,0,41.3916,-82.5033
"2007005",525,0,0,2,0,2,5,3,2,0,0,0,0,41.3916,-82.5033
"2007005",550,0,0,0,0,0,1,1,1,1,0,0,0,41.3916,-82.5033
"2007005",575,0,0,0,0,1,0,0,4,0,0,0,0,41.3916,-82.5033
"2007005",600,0,0,0,0,0,0,0,1,0,0,0,0,41.3916,-82.5033
"2007005",625,0,0,0,0,0,0,0,0,1,0,0,0,41.3916,-82.5033
"2007005",650,0,0,0,0,0,0,0,0,0,0,0,0,41.3916,-82.5033
"2007005",675,0,0,0,0,0,0,0,0,0,1,0,1,41.3916,-82.5033
"2007005",700,0,0,0,0,0,0,0,0,0,0,0,0,41.3916,-82.5033
"2007005",725,0,0,0,0,0,0,0,0,1,0,0,0,41.3916,-82.5033
"2007005",750,0,0,0,0,0,0,0,0,0,0,0,0,41.3916,-82.5033
"2007005",775,0,0,0,0,0,0,0,0,0,0,0,0,41.3916,-82.5033
"2007006",175,0,0,0,0,0,0,0,0,0,0,0,0,41.4394,-82.5794
"2007006",200,0,0,0,0,0,0,0,0,0,0,0,0,41.4394,-82.5794
"2007006",225,0,0,0,0,0,0,0,0,0,0,0,0,41.4394,-82.5794
"2007006",250,0,0,0,0,0,0,0,0,0,0,0,0,41.4394,-82.5794
"2007006",275,0,0,0,0,0,0,0,0,0,0,0,0,41.4394,-82.5794
"2007006",300,0,0,0,0,0,0,0,0,0,0,0,0,41.4394,-82.5794
"2007006",325,0,1,0,0,0,0,0,0,0,0,0,0,41.4394,-82.5794
"2007006",350,0,0,0,0,0,0,0,0,0,0,0,0,41.4394,-82.5794
"2007006",375,0,0,0,0,0,0,0,0,0,0,0,0,41.4394,-82.5794
"2007006",400,0,0,0,0,1,0,0,0,0,0,0,0,41.4394,-82.5794
"2007006",425,0,0,0,0,0,0,0,0,0,0,0,0,41.4394,-82.5794
"2007006",450,0,0,0,1,1,0,0,0,0,0,0,0,41.4394,-82.5794
"2007006",475,0,0,0,0,1,0,0,0,0,0,0,0,41.4394,-82.5794
"2007006",500,0,0,0,0,1,0,0,0,0,0,0,0,41.4394,-82.5794
"2007006",525,0,0,1,0,0,0,0,0,0,0,0,0,41.4394,-82.5794
"2007006",550,0,0,1,0,1,0,1,0,0,0,0,0,41.4394,-82.5794
"2007006",575,0,0,0,0,0,0,0,0,0,0,0,0,41.4394,-82.5794
"2007006",600,0,0,0,0,0,0,0,0,0,0,0,0,41.4394,-82.5794
"2007006",625,0,0,0,0,0,0,0,0,0,0,0,0,41.4394,-82.5794
"2007006",650,0,0,0,0,0,0,0,0,0,0,0,0,41.4394,-82.5794
"2007006",675,0,0,0,0,0,0,0,0,0,0,0,0,41.4394,-82.5794
"2007006",700,0,0,0,0,0,0,0,1,0,0,0,0,41.4394,-82.5794
"2007006",725,0,0,0,0,0,0,0,0,0,0,0,0,41.4394,-82.5794
"2007006",750,0,0,0,0,0,0,0,0,0,0,0,0,41.4394,-82.5794
"2007006",775,0,0,0,0,0,0,0,0,0,0,0,0,41.4394,-82.5794
"2007007",175,0,0,0,0,0,0,0,0,0,0,0,0,41.4319,-82.5331
"2007007",200,0,0,0,0,0,0,0,0,0,0,0,0,41.4319,-82.5331
"2007007",225,0,0,0,0,0,0,0,0,0,0,0,0,41.4319,-82.5331
"2007007",250,0,0,0,0,0,0,0,0,0,0,0,0,41.4319,-82.5331
"2007007",275,0,0,0,0,0,0,0,0,0,0,0,0,41.4319,-82.5331
"2007007",300,0,0,0,0,0,0,0,0,0,0,0,0,41.4319,-82.5331
"2007007",325,0,0,0,0,0,0,0,0,0,0,0,0,41.4319,-82.5331
"2007007",350,0,0,0,0,0,0,0,0,0,0,0,0,41.4319,-82.5331
"2007007",375,0,0,0,0,0,0,0,0,0,0,0,0,41.4319,-82.5331
"2007007",400,0,0,3,0,0,0,0,0,0,0,0,0,41.4319,-82.5331
"2007007",425,0,0,0,0,0,0,0,0,0,0,0,0,41.4319,-82.5331
"2007007",450,0,0,0,1,0,0,0,0,0,0,0,0,41.4319,-82.5331
"2007007",475,0,0,1,0,0,1,0,0,0,0,0,0,41.4319,-82.5331
"2007007",500,0,0,0,0,0,2,0,0,0,0,0,0,41.4319,-82.5331
"2007007",525,0,0,1,0,0,0,0,0,0,0,0,0,41.4319,-82.5331
"2007007",550,0,0,0,1,0,2,0,0,0,0,0,0,41.4319,-82.5331
"2007007",575,0,0,0,0,0,2,0,0,0,0,0,0,41.4319,-82.5331
"2007007",600,0,0,0,0,0,0,2,0,0,0,0,0,41.4319,-82.5331
"2007007",625,0,0,0,0,0,0,1,0,0,0,0,0,41.4319,-82.5331
"2007007",650,0,0,0,0,0,0,0,0,0,0,0,0,41.4319,-82.5331
"2007007",675,0,0,0,0,0,0,0,1,0,0,0,0,41.4319,-82.5331
"2007007",700,0,0,0,0,0,0,0,0,0,0,0,0,41.4319,-82.5331
"2007007",725,0,0,0,0,0,0,0,0,0,0,0,0,41.4319,-82.5331
"2007007",750,0,0,0,0,0,0,0,0,0,0,0,0,41.4319,-82.5331
"2007007",775,0,0,0,0,0,0,0,0,0,0,0,0,41.4319,-82.5331
"2007008",175,0,0,0,0,0,0,0,0,0,0,0,0,41.4157,-82.476
"2007008",200,1,0,0,0,0,0,0,0,0,0,0,0,41.4157,-82.476
"2007008",225,0,0,0,0,0,0,0,0,0,0,0,0,41.4157,-82.476
"2007008",250,0,0,0,0,0,0,0,0,0,0,0,0,41.4157,-82.476
"2007008",275,0,1,1,0,0,0,0,0,0,0,0,0,41.4157,-82.476
"2007008",300,0,0,0,0,0,0,0,0,0,0,0,0,41.4157,-82.476
"2007008",325,0,0,0,0,0,0,0,0,0,0,0,0,41.4157,-82.476
"2007008",350,0,0,0,0,0,0,0,0,0,0,0,0,41.4157,-82.476
"2007008",375,0,0,2,2,0,0,0,0,0,0,0,0,41.4157,-82.476
"2007008",400,0,0,2,2,3,0,0,0,0,0,0,0,41.4157,-82.476
"2007008",425,0,0,2,0,4,0,0,0,0,0,0,0,41.4157,-82.476
"2007008",450,0,0,1,1,1,4,1,1,0,0,0,0,41.4157,-82.476
"2007008",475,0,0,4,0,9,7,0,0,0,0,0,0,41.4157,-82.476
"2007008",500,0,0,1,1,6,8,4,2,0,0,0,0,41.4157,-82.476
"2007008",525,0,0,0,3,1,2,2,2,0,2,0,0,41.4157,-82.476
"2007008",550,0,0,1,1,6,0,2,2,0,0,0,0,41.4157,-82.476
"2007008",575,0,0,1,0,1,0,1,2,1,0,0,0,41.4157,-82.476
"2007008",600,0,0,0,0,0,1,0,2,0,0,0,0,41.4157,-82.476
"2007008",625,0,0,0,0,0,0,0,0,0,0,0,0,41.4157,-82.476
"2007008",650,0,0,0,0,0,0,0,0,0,0,0,0,41.4157,-82.476
"2007008",675,0,0,0,0,0,0,0,0,0,1,0,0,41.4157,-82.476
"2007008",700,0,0,0,0,0,0,0,0,1,0,0,0,41.4157,-82.476
"2007008",725,0,0,0,0,0,0,0,0,0,0,0,0,41.4157,-82.476
"2007008",750,0,0,0,0,0,0,0,0,0,0,0,0,41.4157,-82.476
"2007008",775,0,0,0,0,0,0,0,0,0,0,0,0,41.4157,-82.476
"2007009",175,0,0,0,0,0,0,0,0,0,0,0,0,41.5391,-82.4841
"2007009",200,1,0,0,0,0,0,0,0,0,0,0,0,41.5391,-82.4841
"2007009",225,1,0,0,0,0,0,0,0,0,0,0,0,41.5391,-82.4841
"2007009",250,0,1,0,0,0,0,0,0,0,0,0,0,41.5391,-82.4841
"2007009",275,1,1,1,0,0,0,0,0,0,0,0,0,41.5391,-82.4841
"2007009",300,0,0,0,0,0,0,0,0,0,0,0,0,41.5391,-82.4841
"2007009",325,0,0,0,0,0,0,0,0,0,0,0,0,41.5391,-82.4841
"2007009",350,0,0,0,0,0,0,0,0,0,0,0,0,41.5391,-82.4841
"2007009",375,0,0,0,0,0,0,0,0,0,0,0,0,41.5391,-82.4841
"2007009",400,0,0,0,0,1,0,0,0,0,0,0,0,41.5391,-82.4841
"2007009",425,0,0,0,0,0,0,0,0,0,0,0,0,41.5391,-82.4841
"2007009",450,0,1,0,3,2,0,0,0,0,0,0,0,41.5391,-82.4841
"2007009",475,0,0,1,2,1,4,0,0,0,0,0,0,41.5391,-82.4841
"2007009",500,0,0,0,0,2,8,0,2,0,0,0,0,41.5391,-82.4841
"2007009",525,0,0,0,0,0,2,1,1,0,0,0,0,41.5391,-82.4841
"2007009",550,0,0,0,0,0,0,0,1,0,0,0,0,41.5391,-82.4841
"2007009",575,0,0,0,0,0,0,0,0,0,0,0,0,41.5391,-82.4841
"2007009",600,0,0,0,0,0,0,0,0,0,0,0,0,41.5391,-82.4841
"2007009",625,0,0,0,0,0,0,0,0,0,0,0,0,41.5391,-82.4841
"2007009",650,0,0,0,0,0,0,0,0,0,0,0,0,41.5391,-82.4841
"2007009",675,0,0,0,0,0,0,0,0,0,0,0,0,41.5391,-82.4841
"2007009",700,0,0,0,0,0,0,0,0,0,0,0,0,41.5391,-82.4841
"2007009",725,0,0,0,0,0,0,0,0,0,0,0,0,41.5391,-82.4841
"2007009",750,0,0,0,0,0,0,0,0,0,0,0,0,41.5391,-82.4841
"2007009",775,0,0,0,0,0,0,0,0,0,0,0,0,41.5391,-82.4841
"2007011",175,0,0,0,0,0,0,0,0,0,0,0,0,41.4489,-82.5477
"2007011",200,1,0,0,0,0,0,0,0,0,0,0,0,41.4489,-82.5477
"2007011",225,0,0,0,0,0,0,0,0,0,0,0,0,41.4489,-82.5477
"2007011",250,0,0,0,0,0,0,0,0,0,0,0,0,41.4489,-82.5477
"2007011",275,0,0,0,0,0,0,0,0,0,0,0,0,41.4489,-82.5477
"2007011",300,0,1,0,0,0,0,0,0,0,0,0,0,41.4489,-82.5477
"2007011",325,0,0,0,0,0,0,0,0,0,0,0,0,41.4489,-82.5477
"2007011",350,0,1,0,0,0,0,0,0,0,0,0,0,41.4489,-82.5477
"2007011",375,0,4,2,1,0,0,0,0,0,0,0,0,41.4489,-82.5477
"2007011",400,0,1,2,2,0,0,0,0,0,0,0,0,41.4489,-82.5477
"2007011",425,0,1,0,1,6,0,0,0,0,0,0,0,41.4489,-82.5477
"2007011",450,0,0,4,5,3,4,0,0,0,0,0,0,41.4489,-82.5477
"2007011",475,0,0,3,1,9,11,6,0,0,0,0,0,41.4489,-82.5477
"2007011",500,0,0,2,0,5,8,2,0,0,0,0,0,41.4489,-82.5477
"2007011",525,0,0,0,1,2,5,0,2,0,0,0,0,41.4489,-82.5477
"2007011",550,0,0,0,4,1,3,1,1,0,0,0,0,41.4489,-82.5477
"2007011",575,0,0,0,0,1,1,1,4,0,0,0,0,41.4489,-82.5477
"2007011",600,0,0,0,0,0,0,0,3,0,0,0,0,41.4489,-82.5477
"2007011",625,0,0,0,0,0,0,0,0,1,0,0,0,41.4489,-82.5477
"2007011",650,0,0,0,0,0,0,0,0,0,0,0,0,41.4489,-82.5477
"2007011",675,0,0,0,0,0,0,0,1,0,0,0,0,41.4489,-82.5477
"2007011",700,0,0,0,0,0,0,0,0,1,0,0,0,41.4489,-82.5477
"2007011",725,0,0,0,0,0,0,0,0,0,0,0,0,41.4489,-82.5477
"2007011",750,0,0,0,0,0,0,0,0,0,0,0,0,41.4489,-82.5477
"2007011",775,0,0,0,0,0,0,0,0,0,0,0,0,41.4489,-82.5477
"2007012",175,0,0,0,0,0,0,0,0,0,0,0,0,41.43935,-82.57944
"2007012",200,0,0,0,0,0,0,0,0,0,0,0,0,41.43935,-82.57944
"2007012",225,0,0,0,0,0,0,0,0,0,0,0,0,41.43935,-82.57944
"2007012",250,0,0,0,0,0,0,0,0,0,0,0,0,41.43935,-82.57944
"2007012",275,0,0,0,0,0,0,0,0,0,0,0,0,41.43935,-82.57944
"2007012",300,0,0,0,0,0,0,0,0,0,0,0,0,41.43935,-82.57944
"2007012",325,0,0,0,0,0,0,0,0,0,0,0,0,41.43935,-82.57944
"2007012",350,0,0,0,0,0,0,0,0,0,0,0,0,41.43935,-82.57944
"2007012",375,0,1,1,1,1,0,0,0,0,0,0,0,41.43935,-82.57944
"2007012",400,0,0,0,2,0,0,0,0,0,0,0,0,41.43935,-82.57944
"2007012",425,0,0,1,1,2,1,0,0,0,0,0,0,41.43935,-82.57944
"2007012",450,0,0,0,2,3,4,0,0,0,0,0,0,41.43935,-82.57944
"2007012",475,0,0,0,2,2,11,1,0,0,0,0,0,41.43935,-82.57944
"2007012",500,0,0,1,1,2,4,9,3,1,0,0,0,41.43935,-82.57944
"2007012",525,0,0,0,1,1,1,4,3,0,0,0,0,41.43935,-82.57944
"2007012",550,0,0,0,1,2,0,5,8,5,0,0,0,41.43935,-82.57944
"2007012",575,0,0,0,0,2,2,1,0,2,0,0,0,41.43935,-82.57944
"2007012",600,0,0,0,0,0,1,0,0,2,0,0,0,41.43935,-82.57944
"2007012",625,0,0,0,0,0,0,0,2,1,0,0,0,41.43935,-82.57944
"2007012",650,0,0,0,0,0,0,0,0,2,0,0,0,41.43935,-82.57944
"2007012",675,0,0,0,0,0,0,0,0,0,3,0,0,41.43935,-82.57944
"2007012",700,0,0,0,0,0,0,0,0,2,0,1,1,41.43935,-82.57944
"2007012",725,0,0,0,0,0,0,0,0,0,0,0,0,41.43935,-82.57944
"2007012",750,0,0,0,0,0,0,0,0,0,0,0,1,41.43935,-82.57944
"2007012",775,0,0,0,0,0,0,0,0,0,0,0,0,41.43935,-82.57944
"2007013",175,0,0,0,0,0,0,0,0,0,0,0,0,41.4319,-82.53305
"2007013",200,0,0,0,0,0,0,0,0,0,0,0,0,41.4319,-82.53305
"2007013",225,0,0,0,0,0,0,0,0,0,0,0,0,41.4319,-82.53305
"2007013",250,0,0,0,0,0,0,0,0,0,0,0,0,41.4319,-82.53305
"2007013",275,0,0,0,0,0,0,0,0,0,0,0,0,41.4319,-82.53305
"2007013",300,0,0,0,0,0,0,0,0,0,0,0,0,41.4319,-82.53305
"2007013",325,0,0,0,0,0,0,0,0,0,0,0,0,41.4319,-82.53305
"2007013",350,0,0,0,0,0,0,0,0,0,0,0,0,41.4319,-82.53305
"2007013",375,0,0,1,1,0,0,0,0,0,0,0,0,41.4319,-82.53305
"2007013",400,0,1,1,1,0,0,0,0,0,0,0,0,41.4319,-82.53305
"2007013",425,0,1,1,2,2,0,0,0,0,0,0,0,41.4319,-82.53305
"2007013",450,0,0,1,4,8,2,2,0,0,0,0,0,41.4319,-82.53305
"2007013",475,0,1,3,3,4,6,6,1,0,0,0,0,41.4319,-82.53305
"2007013",500,0,0,0,2,4,3,9,2,0,0,0,0,41.4319,-82.53305
"2007013",525,0,0,0,2,2,2,4,2,2,0,0,0,41.4319,-82.53305
"2007013",550,0,0,0,1,3,6,2,6,0,0,0,0,41.4319,-82.53305
"2007013",575,0,0,0,0,0,2,2,4,3,1,0,0,41.4319,-82.53305
"2007013",600,0,0,0,0,1,0,0,1,0,2,0,0,41.4319,-82.53305
"2007013",625,0,0,0,0,0,0,0,0,1,3,0,0,41.4319,-82.53305
"2007013",650,0,0,0,0,0,0,0,1,4,1,1,0,41.4319,-82.53305
"2007013",675,0,0,0,0,0,0,0,0,1,0,1,1,41.4319,-82.53305
"2007013",700,0,0,0,0,0,0,0,0,0,2,0,0,41.4319,-82.53305
"2007013",725,0,0,0,0,1,0,0,0,0,0,1,0,41.4319,-82.53305
"2007013",750,0,0,0,0,0,0,0,0,0,0,2,0,41.4319,-82.53305
"2007013",775,0,0,0,0,0,0,0,0,0,0,0,0,41.4319,-82.53305
"2008014",175,0,0,0,0,0,0,0,0,0,0,0,0,41.4118,-82.5196
"2008014",200,1,0,0,0,0,0,0,0,0,0,0,0,41.4118,-82.5196
"2008014",225,0,0,0,0,0,0,0,0,0,0,0,0,41.4118,-82.5196
"2008014",250,0,0,0,0,0,0,0,0,0,0,0,0,41.4118,-82.5196
"2008014",275,0,0,0,0,0,0,0,0,0,0,0,0,41.4118,-82.5196
"2008014",300,0,0,0,0,0,0,0,0,0,0,0,0,41.4118,-82.5196
"2008014",325,0,0,0,0,0,0,0,0,0,0,0,0,41.4118,-82.5196
"2008014",350,0,0,2,0,0,0,0,0,0,0,0,0,41.4118,-82.5196
"2008014",375,0,0,2,2,0,0,0,0,0,0,0,0,41.4118,-82.5196
"2008014",400,0,0,0,1,0,0,0,0,0,0,0,0,41.4118,-82.5196
"2008014",425,0,0,0,0,0,0,0,0,0,0,0,0,41.4118,-82.5196
"2008014",450,0,0,0,0,1,1,0,0,0,0,0,0,41.4118,-82.5196
"2008014",475,0,0,0,0,1,0,0,0,0,0,0,0,41.4118,-82.5196
"2008014",500,0,0,0,0,1,1,0,0,0,0,0,0,41.4118,-82.5196
"2008014",525,0,0,0,0,2,0,0,0,0,0,0,0,41.4118,-82.5196
"2008014",550,0,0,0,0,0,0,0,0,0,0,0,0,41.4118,-82.5196
"2008014",575,0,0,0,0,0,0,0,0,0,0,0,0,41.4118,-82.5196
"2008014",600,0,0,0,0,0,0,0,2,0,0,0,0,41.4118,-82.5196
"2008014",625,0,0,0,0,0,0,0,0,0,0,0,0,41.4118,-82.5196
"2008014",650,0,0,0,0,0,0,0,0,0,0,0,0,41.4118,-82.5196
"2008014",675,0,0,0,0,0,0,0,0,0,0,0,0,41.4118,-82.5196
"2008014",700,0,0,0,0,0,0,0,0,0,0,0,0,41.4118,-82.5196
"2008014",725,0,0,0,0,0,0,0,0,0,0,0,0,41.4118,-82.5196
"2008014",750,0,0,0,0,0,0,0,0,0,0,0,0,41.4118,-82.5196
"2008014",775,0,0,0,0,0,0,0,0,0,0,0,0,41.4118,-82.5196
"2008015",175,0,0,0,0,0,0,0,0,0,0,0,0,41.4118,-82.5196
"2008015",200,0,0,0,0,0,0,0,0,0,0,0,0,41.4118,-82.5196
"2008015",225,0,0,0,0,0,0,0,0,0,0,0,0,41.4118,-82.5196
"2008015",250,0,0,0,0,0,0,0,0,0,0,0,0,41.4118,-82.5196
"2008015",275,0,0,0,0,0,0,0,0,0,0,0,0,41.4118,-82.5196
"2008015",300,0,0,0,0,0,0,0,0,0,0,0,0,41.4118,-82.5196
"2008015",325,0,0,0,1,0,0,0,0,0,0,0,0,41.4118,-82.5196
"2008015",350,0,0,2,6,0,0,0,0,0,0,0,0,41.4118,-82.5196
"2008015",375,0,0,3,3,0,0,0,0,0,0,0,0,41.4118,-82.5196
"2008015",400,0,0,0,1,0,0,0,0,0,0,0,0,41.4118,-82.5196
"2008015",425,0,0,0,1,1,0,0,0,0,0,0,0,41.4118,-82.5196
"2008015",450,0,0,0,0,1,1,1,0,0,0,0,0,41.4118,-82.5196
"2008015",475,0,0,0,1,1,3,0,0,0,0,0,0,41.4118,-82.5196
"2008015",500,0,0,0,1,2,0,1,0,0,0,0,0,41.4118,-82.5196
"2008015",525,0,0,1,0,2,0,2,0,0,0,0,0,41.4118,-82.5196
"2008015",550,0,0,0,0,0,1,1,0,0,0,0,0,41.4118,-82.5196
"2008015",575,0,0,0,0,1,0,3,2,0,0,0,0,41.4118,-82.5196
"2008015",600,0,0,0,0,0,1,0,2,0,0,0,0,41.4118,-82.5196
"2008015",625,0,0,0,0,0,0,0,2,1,0,0,0,41.4118,-82.5196
"2008015",650,0,0,0,0,0,0,0,0,0,0,0,0,41.4118,-82.5196
"2008015",675,0,0,0,0,0,0,0,0,0,0,0,0,41.4118,-82.5196
"2008015",700,0,0,0,0,0,0,0,0,0,0,0,0,41.4118,-82.5196
"2008015",725,0,0,0,0,0,0,0,0,0,0,0,0,41.4118,-82.5196
"2008015",750,0,0,0,0,0,0,0,0,0,0,0,0,41.4118,-82.5196
"2008015",775,0,0,0,0,0,0,0,0,0,0,0,0,41.4118,-82.5196
"2008016",175,0,0,0,0,0,0,0,0,0,0,0,0,41.5391,-82.4841
"2008016",200,0,0,0,0,0,0,0,0,0,0,0,0,41.5391,-82.4841
"2008016",225,0,0,0,0,0,0,0,0,0,0,0,0,41.5391,-82.4841
"2008016",250,0,0,0,0,0,0,0,0,0,0,0,0,41.5391,-82.4841
"2008016",275,0,0,0,0,0,0,0,0,0,0,0,0,41.5391,-82.4841
"2008016",300,0,0,0,0,0,0,0,0,0,0,0,0,41.5391,-82.4841
"2008016",325,0,0,2,0,0,0,0,0,0,0,0,0,41.5391,-82.4841
"2008016",350,0,4,2,1,0,0,0,0,0,0,0,0,41.5391,-82.4841
"2008016",375,0,1,5,4,1,0,0,0,0,0,0,0,41.5391,-82.4841
"2008016",400,0,0,1,1,0,0,0,0,0,0,0,0,41.5391,-82.4841
"2008016",425,0,0,0,0,0,0,0,0,0,0,0,0,41.5391,-82.4841
"2008016",450,0,0,0,3,0,1,0,0,0,0,0,0,41.5391,-82.4841
"2008016",475,0,0,0,3,4,5,0,0,0,0,0,0,41.5391,-82.4841
"2008016",500,0,0,0,2,2,5,2,0,0,0,0,0,41.5391,-82.4841
"2008016",525,0,0,0,1,1,3,1,1,0,0,0,0,41.5391,-82.4841
"2008016",550,0,0,0,1,0,3,1,1,0,0,0,0,41.5391,-82.4841
"2008016",575,0,0,0,1,1,0,1,1,1,0,0,0,41.5391,-82.4841
"2008016",600,0,0,0,0,0,1,0,1,0,0,0,0,41.5391,-82.4841
"2008016",625,0,0,0,0,0,0,0,0,1,0,0,0,41.5391,-82.4841
"2008016",650,0,0,0,0,0,0,0,0,0,0,0,0,41.5391,-82.4841
"2008016",675,0,0,0,0,0,0,0,0,0,0,0,0,41.5391,-82.4841
"2008016",700,0,0,0,0,0,0,0,1,0,0,1,0,41.5391,-82.4841
"2008016",725,0,0,0,0,0,0,0,0,0,0,0,0,41.5391,-82.4841
"2008016",750,0,0,0,0,0,0,0,0,0,0,0,0,41.5391,-82.4841
"2008016",775,0,0,0,0,0,0,0,0,0,0,0,0,41.5391,-82.4841
"2008017",175,0,0,0,0,0,0,0,0,0,0,0,0,41.5391,-82.4841
"2008017",200,0,0,0,0,0,0,0,0,0,0,0,0,41.5391,-82.4841
"2008017",225,0,0,0,0,0,0,0,0,0,0,0,0,41.5391,-82.4841
"2008017",250,0,0,0,0,0,0,0,0,0,0,0,0,41.5391,-82.4841
"2008017",275,0,0,0,0,0,0,0,0,0,0,0,0,41.5391,-82.4841
"2008017",300,0,0,0,0,0,0,0,0,0,0,0,0,41.5391,-82.4841
"2008017",325,0,1,1,0,0,0,0,0,0,0,0,0,41.5391,-82.4841
"2008017",350,0,1,5,1,0,0,0,0,0,0,0,0,41.5391,-82.4841
"2008017",375,0,2,3,8,0,0,0,0,0,0,0,0,41.5391,-82.4841
"2008017",400,0,0,5,3,1,0,0,0,0,0,0,0,41.5391,-82.4841
"2008017",425,0,0,0,0,0,0,0,0,0,0,0,0,41.5391,-82.4841
"2008017",450,0,0,0,0,3,1,0,0,0,0,0,0,41.5391,-82.4841
"2008017",475,0,0,1,3,2,4,1,0,0,0,0,0,41.5391,-82.4841
"2008017",500,0,0,1,3,1,6,2,2,0,0,0,0,41.5391,-82.4841
"2008017",525,0,0,1,4,4,9,3,1,0,0,0,0,41.5391,-82.4841
"2008017",550,0,0,0,2,4,2,6,2,1,0,0,0,41.5391,-82.4841
"2008017",575,0,0,0,0,1,2,5,2,3,0,0,0,41.5391,-82.4841
"2008017",600,0,0,1,2,4,3,0,2,2,0,1,0,41.5391,-82.4841
"2008017",625,0,0,0,0,2,0,2,0,2,1,0,0,41.5391,-82.4841
"2008017",650,0,0,0,0,0,0,1,0,0,1,1,0,41.5391,-82.4841
"2008017",675,0,0,0,0,0,0,0,0,0,0,0,0,41.5391,-82.4841
"2008017",700,0,0,0,0,0,0,0,0,0,1,0,0,41.5391,-82.4841
"2008017",725,0,0,0,0,0,0,0,0,0,2,0,0,41.5391,-82.4841
"2008017",750,0,0,0,0,0,0,0,0,0,0,0,0,41.5391,-82.4841
"2008017",775,0,0,0,0,0,0,0,0,0,0,0,0,41.5391,-82.4841
"2008018",175,0,0,0,0,0,0,0,0,0,0,0,0,41.4157,-82.476
"2008018",200,0,0,0,0,0,0,0,0,0,0,0,0,41.4157,-82.476
"2008018",225,0,0,0,0,0,0,0,0,0,0,0,0,41.4157,-82.476
"2008018",250,0,0,0,0,0,0,0,0,0,0,0,0,41.4157,-82.476
"2008018",275,0,0,0,0,0,0,0,0,0,0,0,0,41.4157,-82.476
"2008018",300,0,0,0,0,0,0,0,0,0,0,0,0,41.4157,-82.476
"2008018",325,0,0,1,0,0,0,0,0,0,0,0,0,41.4157,-82.476
"2008018",350,0,0,5,5,0,0,0,0,0,0,0,0,41.4157,-82.476
"2008018",375,0,2,5,9,1,0,0,0,0,0,0,0,41.4157,-82.476
"2008018",400,0,2,1,2,2,0,0,0,0,0,0,0,41.4157,-82.476
"2008018",425,0,0,0,1,0,2,0,0,0,0,0,0,41.4157,-82.476
"2008018",450,0,0,0,2,1,4,1,0,0,0,0,0,41.4157,-82.476
"2008018",475,0,0,1,5,5,9,2,0,0,0,0,0,41.4157,-82.476
"2008018",500,0,0,2,4,13,10,11,1,0,1,0,0,41.4157,-82.476
"2008018",525,0,0,0,2,12,11,10,6,0,3,0,0,41.4157,-82.476
"2008018",550,1,0,0,3,3,3,6,6,1,0,0,0,41.4157,-82.476
"2008018",575,0,0,0,2,4,4,4,7,5,2,0,0,41.4157,-82.476
"2008018",600,0,0,0,1,0,2,3,5,1,0,2,0,41.4157,-82.476
"2008018",625,0,0,1,0,0,0,1,0,6,2,2,0,41.4157,-82.476
"2008018",650,0,0,0,0,0,0,1,1,3,2,0,0,41.4157,-82.476
"2008018",675,0,0,0,0,0,0,0,1,1,0,0,0,41.4157,-82.476
"2008018",700,0,0,0,0,0,0,0,0,0,1,2,0,41.4157,-82.476
"2008018",725,0,0,0,0,0,0,0,0,0,1,2,0,41.4157,-82.476
"2008018",750,0,0,0,0,0,0,0,0,0,0,0,0,41.4157,-82.476
"2008018",775,0,0,0,0,0,0,0,0,0,0,0,0,41.4157,-82.476
"2008019",175,0,0,0,0,0,0,0,0,0,0,0,0,41.6623,-82.3577
"2008019",200,0,0,0,0,0,0,0,0,0,0,0,0,41.6623,-82.3577
"2008019",225,0,0,0,0,0,0,0,0,0,0,0,0,41.6623,-82.3577
"2008019",250,0,0,0,0,0,0,0,0,0,0,0,0,41.6623,-82.3577
"2008019",275,0,0,0,0,0,0,0,0,0,0,0,0,41.6623,-82.3577
"2008019",300,0,0,0,0,0,0,0,0,0,0,0,0,41.6623,-82.3577
"2008019",325,0,0,0,0,0,0,0,0,0,0,0,0,41.6623,-82.3577
"2008019",350,0,0,1,0,0,0,0,0,0,0,0,0,41.6623,-82.3577
"2008019",375,0,0,0,0,0,0,0,0,0,0,0,0,41.6623,-82.3577
"2008019",400,0,0,0,0,0,0,0,0,0,0,0,0,41.6623,-82.3577
"2008019",425,0,0,0,0,0,0,0,0,0,0,0,0,41.6623,-82.3577
"2008019",450,0,0,0,0,0,0,0,0,0,0,0,0,41.6623,-82.3577
"2008019",475,0,0,0,0,0,0,0,0,0,0,0,0,41.6623,-82.3577
"2008019",500,0,0,0,0,0,0,0,0,0,0,0,0,41.6623,-82.3577
"2008019",525,0,0,0,0,0,1,0,0,0,0,0,0,41.6623,-82.3577
"2008019",550,0,0,0,0,0,0,0,0,0,0,0,0,41.6623,-82.3577
"2008019",575,0,0,0,0,0,0,0,0,0,0,0,0,41.6623,-82.3577
"2008019",600,0,0,0,0,0,0,0,1,0,0,0,0,41.6623,-82.3577
"2008019",625,0,0,0,0,0,0,0,0,0,0,0,0,41.6623,-82.3577
"2008019",650,0,0,0,0,0,0,0,0,0,0,0,0,41.6623,-82.3577
"2008019",675,0,0,0,0,0,0,0,0,0,0,0,0,41.6623,-82.3577
"2008019",700,0,0,0,0,0,0,0,0,0,0,0,0,41.6623,-82.3577
"2008019",725,0,0,0,0,0,0,0,0,0,0,0,0,41.6623,-82.3577
"2008019",750,0,0,0,0,0,0,0,0,0,0,0,0,41.6623,-82.3577
"2008019",775,0,0,0,0,0,0,0,0,0,0,0,0,41.6623,-82.3577
"2008020",175,0,0,0,0,0,0,0,0,0,0,0,0,41.5501,-82.3651
"2008020",200,0,0,0,0,0,0,0,0,0,0,0,0,41.5501,-82.3651
"2008020",225,0,0,0,0,0,0,0,0,0,0,0,0,41.5501,-82.3651
"2008020",250,0,0,0,0,0,0,0,0,0,0,0,0,41.5501,-82.3651
"2008020",275,0,0,0,0,0,0,0,0,0,0,0,0,41.5501,-82.3651
"2008020",300,0,0,0,0,0,0,0,0,0,0,0,0,41.5501,-82.3651
"2008020",325,0,0,0,0,0,0,0,0,0,0,0,0,41.5501,-82.3651
"2008020",350,0,0,3,1,0,0,0,0,0,0,0,0,41.5501,-82.3651
"2008020",375,1,1,3,6,2,0,0,0,0,0,0,0,41.5501,-82.3651
"2008020",400,0,1,0,2,0,0,0,0,0,0,0,0,41.5501,-82.3651
"2008020",425,0,0,0,0,0,0,0,0,0,0,0,0,41.5501,-82.3651
"2008020",450,0,0,1,0,0,0,0,0,0,0,0,0,41.5501,-82.3651
"2008020",475,0,0,0,0,1,1,0,0,0,0,0,0,41.5501,-82.3651
"2008020",500,0,0,1,0,1,5,0,0,0,0,0,0,41.5501,-82.3651
"2008020",525,0,0,0,0,0,2,2,0,0,0,0,0,41.5501,-82.3651
"2008020",550,0,0,0,0,0,2,0,1,0,0,0,0,41.5501,-82.3651
"2008020",575,0,0,0,0,3,0,1,1,1,0,0,0,41.5501,-82.3651
"2008020",600,0,0,0,0,0,0,0,1,1,0,0,1,41.5501,-82.3651
"2008020",625,0,0,0,0,0,1,0,1,1,0,0,0,41.5501,-82.3651
"2008020",650,0,0,0,0,0,0,0,0,0,0,0,0,41.5501,-82.3651
"2008020",675,0,0,0,0,0,0,0,0,0,0,0,0,41.5501,-82.3651
"2008020",700,0,0,0,0,0,0,0,0,0,0,0,0,41.5501,-82.3651
"2008020",725,0,0,0,0,0,0,0,0,0,0,0,0,41.5501,-82.3651
"2008020",750,0,0,0,0,0,0,0,0,0,0,0,1,41.5501,-82.3651
"2008020",775,0,0,0,0,0,0,0,0,0,0,0,0,41.5501,-82.3651
"2008021",175,0,0,0,0,0,0,0,0,0,0,0,0,41.4926,-82.3569
"2008021",200,0,0,0,0,0,0,0,0,0,0,0,0,41.4926,-82.3569
"2008021",225,0,0,0,0,0,0,0,0,0,0,0,0,41.4926,-82.3569
"2008021",250,0,0,0,0,0,0,0,0,0,0,0,0,41.4926,-82.3569
"2008021",275,0,0,0,0,0,0,0,0,0,0,0,0,41.4926,-82.3569
"2008021",300,0,0,0,0,0,0,0,0,0,0,0,0,41.4926,-82.3569
"2008021",325,0,0,0,1,0,0,0,0,0,0,0,0,41.4926,-82.3569
"2008021",350,1,0,1,7,0,0,0,0,0,0,0,0,41.4926,-82.3569
"2008021",375,0,3,6,8,2,0,0,0,0,0,0,0,41.4926,-82.3569
"2008021",400,0,1,0,2,2,0,1,0,0,0,0,0,41.4926,-82.3569
"2008021",425,0,0,0,0,0,0,0,0,0,0,0,0,41.4926,-82.3569
"2008021",450,0,0,0,1,0,2,0,0,0,0,0,0,41.4926,-82.3569
"2008021",475,0,0,0,1,0,3,1,0,0,0,0,0,41.4926,-82.3569
"2008021",500,0,0,0,2,0,2,1,1,0,0,0,0,41.4926,-82.3569
"2008021",525,0,0,0,0,1,3,0,3,0,0,0,0,41.4926,-82.3569
"2008021",550,0,0,0,0,1,1,0,1,0,0,0,0,41.4926,-82.3569
"2008021",575,0,0,0,0,1,0,0,0,0,0,0,0,41.4926,-82.3569
"2008021",600,0,0,0,0,0,0,0,2,1,0,0,0,41.4926,-82.3569
"2008021",625,0,0,0,0,0,0,0,0,1,0,0,0,41.4926,-82.3569
"2008021",650,0,0,0,0,0,0,0,0,0,0,1,0,41.4926,-82.3569
"2008021",675,0,0,0,0,0,0,0,0,1,0,0,1,41.4926,-82.3569
"2008021",700,0,0,0,0,0,0,0,0,0,0,0,0,41.4926,-82.3569
"2008021",725,0,0,0,0,0,0,0,0,0,0,0,0,41.4926,-82.3569
"2008021",750,0,0,0,0,0,0,0,0,0,0,0,0,41.4926,-82.3569
"2008021",775,0,0,0,0,0,0,0,0,0,0,0,0,41.4926,-82.3569
"2008022",175,0,0,0,0,0,0,0,0,0,0,0,0,41.4408,-82.3537
"2008022",200,0,0,0,0,0,0,0,0,0,0,0,0,41.4408,-82.3537
"2008022",225,0,0,0,0,0,0,0,0,0,0,0,0,41.4408,-82.3537
"2008022",250,0,0,0,0,0,0,0,0,0,0,0,0,41.4408,-82.3537
"2008022",275,0,0,0,0,0,0,0,0,0,0,0,0,41.4408,-82.3537
"2008022",300,0,0,0,0,0,0,0,0,0,0,0,0,41.4408,-82.3537
"2008022",325,0,0,0,0,0,0,0,0,0,0,0,0,41.4408,-82.3537
"2008022",350,0,0,3,5,0,0,0,0,0,0,0,0,41.4408,-82.3537
"2008022",375,0,1,4,4,3,1,0,0,0,0,0,0,41.4408,-82.3537
"2008022",400,0,0,0,1,0,0,0,0,0,0,0,0,41.4408,-82.3537
"2008022",425,0,0,0,0,1,0,0,0,0,0,0,0,41.4408,-82.3537
"2008022",450,0,0,0,0,4,1,0,0,0,0,0,0,41.4408,-82.3537
"2008022",475,0,0,2,2,4,0,0,0,0,0,0,0,41.4408,-82.3537
"2008022",500,0,0,0,1,2,5,3,2,0,0,0,0,41.4408,-82.3537
"2008022",525,0,0,0,0,0,1,3,6,1,0,0,0,41.4408,-82.3537
"2008022",550,0,0,0,1,1,1,2,5,2,0,0,0,41.4408,-82.3537
"2008022",575,0,0,0,0,0,2,3,3,2,0,0,0,41.4408,-82.3537
"2008022",600,0,0,0,0,1,0,0,2,1,1,0,0,41.4408,-82.3537
"2008022",625,0,0,0,0,0,0,0,2,2,0,0,0,41.4408,-82.3537
"2008022",650,0,0,0,0,0,0,0,0,0,1,0,1,41.4408,-82.3537
"2008022",675,0,0,0,0,0,0,0,0,0,1,1,0,41.4408,-82.3537
"2008022",700,0,0,0,0,0,0,0,0,0,0,1,0,41.4408,-82.3537
"2008022",725,0,0,0,0,0,0,0,1,0,0,0,0,41.4408,-82.3537
"2008022",750,0,0,0,0,0,0,0,0,0,0,1,1,41.4408,-82.3537
"2008022",775,0,0,0,0,0,0,0,0,0,0,0,0,41.4408,-82.3537
"2011001",175,0,0,0,0,0,0,0,0,0,0,0,0,41.861067,-83.192283
"2011001",200,0,0,0,0,0,0,0,0,0,0,0,0,41.861067,-83.192283
"2011001",225,0,0,0,0,0,0,0,0,0,0,0,0,41.861067,-83.192283
"2011001",250,0,0,0,0,0,0,0,0,0,0,0,0,41.861067,-83.192283
"2011001",275,0,0,0,0,0,0,0,0,0,0,0,0,41.861067,-83.192283
"2011001",300,0,0,0,0,0,0,0,0,0,0,0,0,41.861067,-83.192283
"2011001",325,0,0,1,0,0,0,0,0,0,0,0,0,41.861067,-83.192283
"2011001",350,0,0,3,0,0,0,0,0,0,0,0,0,41.861067,-83.192283
"2011001",375,0,0,0,0,0,0,0,0,0,0,0,0,41.861067,-83.192283
"2011001",400,0,0,0,0,0,0,0,0,0,0,0,0,41.861067,-83.192283
"2011001",425,0,0,0,0,0,0,0,0,0,0,0,0,41.861067,-83.192283
"2011001",450,0,0,0,0,0,0,0,0,0,0,0,0,41.861067,-83.192283
"2011001",475,0,0,0,0,0,0,0,0,0,0,0,0,41.861067,-83.192283
"2011001",500,0,0,0,0,0,0,0,0,0,0,0,0,41.861067,-83.192283
"2011001",525,0,0,0,0,0,0,0,0,0,0,0,0,41.861067,-83.192283
"2011001",550,0,0,0,1,0,0,0,0,0,0,0,0,41.861067,-83.192283
"2011001",575,0,0,0,0,0,0,0,0,0,0,0,0,41.861067,-83.192283
"2011001",600,0,0,0,0,0,0,0,0,0,1,0,0,41.861067,-83.192283
"2011001",625,0,0,0,0,0,0,0,0,0,0,0,0,41.861067,-83.192283
"2011001",650,0,0,0,0,0,0,0,0,0,0,0,0,41.861067,-83.192283
"2011001",675,0,0,0,0,0,0,0,0,0,0,0,0,41.861067,-83.192283
"2011001",700,0,0,0,0,0,0,0,0,0,0,0,0,41.861067,-83.192283
"2011001",725,0,0,0,0,0,0,0,0,0,0,0,0,41.861067,-83.192283
"2011001",750,0,0,0,0,0,0,0,0,0,0,0,0,41.861067,-83.192283
"2011001",775,0,0,0,0,0,0,0,0,0,0,0,0,41.861067,-83.192283
"2011002",175,2,0,0,0,0,0,0,0,0,0,0,0,41.715683,-83.227033
"2011002",200,3,0,0,0,0,0,0,0,0,0,0,0,41.715683,-83.227033
"2011002",225,0,0,0,0,0,0,0,0,0,0,0,0,41.715683,-83.227033
"2011002",250,0,0,0,0,0,0,0,0,0,0,0,0,41.715683,-83.227033
"2011002",275,0,0,0,0,0,0,0,0,0,0,0,0,41.715683,-83.227033
"2011002",300,0,0,0,0,0,0,0,0,0,0,0,0,41.715683,-83.227033
"2011002",325,0,0,2,0,0,0,0,0,0,0,0,0,41.715683,-83.227033
"2011002",350,0,1,3,2,0,0,0,0,0,0,0,0,41.715683,-83.227033
"2011002",375,1,1,4,6,0,0,0,0,0,0,0,0,41.715683,-83.227033
"2011002",400,0,0,1,0,0,0,0,0,0,0,0,0,41.715683,-83.227033
"2011002",425,0,0,0,1,3,0,0,0,0,0,0,0,41.715683,-83.227033
"2011002",450,0,0,0,0,1,0,0,0,0,0,0,0,41.715683,-83.227033
"2011002",475,0,0,0,0,2,1,0,0,0,0,0,0,41.715683,-83.227033
"2011002",500,0,0,0,1,0,0,1,0,0,0,0,0,41.715683,-83.227033
"2011002",525,0,0,1,0,0,1,0,0,0,0,0,0,41.715683,-83.227033
"2011002",550,0,0,0,1,0,0,2,0,0,0,0,0,41.715683,-83.227033
"2011002",575,0,0,0,0,0,1,0,0,0,0,0,0,41.715683,-83.227033
"2011002",600,0,0,0,0,0,0,0,0,0,0,0,0,41.715683,-83.227033
"2011002",625,0,0,0,0,0,0,0,0,0,0,0,0,41.715683,-83.227033
"2011002",650,0,0,0,0,0,0,0,0,0,0,0,0,41.715683,-83.227033
"2011002",675,0,0,0,0,0,0,0,0,0,0,0,0,41.715683,-83.227033
"2011002",700,0,0,0,0,0,0,0,0,0,0,0,0,41.715683,-83.227033
"2011002",725,0,0,0,0,0,0,0,0,0,0,0,0,41.715683,-83.227033
"2011002",750,0,0,0,0,0,0,0,0,0,0,0,0,41.715683,-83.227033
"2011002",775,0,0,0,0,0,0,0,0,0,0,0,0,41.715683,-83.227033
"2011003",175,0,0,0,0,0,0,0,0,0,0,0,0,41.5903,-82.89485
"2011003",200,0,0,0,0,0,0,0,0,0,0,0,0,41.5903,-82.89485
"2011003",225,0,0,0,0,0,0,0,0,0,0,0,0,41.5903,-82.89485
"2011003",250,0,0,0,0,0,0,0,0,0,0,0,0,41.5903,-82.89485
"2011003",275,0,0,0,0,0,0,0,0,0,0,0,0,41.5903,-82.89485
"2011003",300,0,0,0,0,0,0,0,0,0,0,0,0,41.5903,-82.89485
"2011003",325,0,0,2,0,0,0,0,0,0,0,0,0,41.5903,-82.89485
"2011003",350,0,0,0,0,0,0,0,0,0,0,0,0,41.5903,-82.89485
"2011003",375,0,0,4,0,0,0,0,0,0,0,0,0,41.5903,-82.89485
"2011003",400,0,0,0,0,0,0,0,0,0,0,0,0,41.5903,-82.89485
"2011003",425,0,0,0,0,0,0,0,0,0,0,0,0,41.5903,-82.89485
"2011003",450,0,0,0,0,0,0,0,0,0,0,0,0,41.5903,-82.89485
"2011003",475,0,0,0,0,0,0,0,0,0,0,0,0,41.5903,-82.89485
"2011003",500,0,0,0,0,0,0,0,0,0,0,0,0,41.5903,-82.89485
"2011003",525,0,0,0,0,0,0,0,0,0,0,0,0,41.5903,-82.89485
"2011003",550,0,0,0,0,0,0,0,0,0,0,0,1,41.5903,-82.89485
"2011003",575,0,0,0,0,0,0,0,0,0,0,0,0,41.5903,-82.89485
"2011003",600,0,0,0,0,0,0,0,0,0,0,0,0,41.5903,-82.89485
"2011003",625,0,0,0,0,0,0,0,0,0,0,0,0,41.5903,-82.89485
"2011003",650,0,0,0,0,0,0,0,0,0,0,0,0,41.5903,-82.89485
"2011003",675,0,0,0,0,0,0,0,0,0,0,0,0,41.5903,-82.89485
"2011003",700,0,0,0,0,0,0,0,0,0,0,0,0,41.5903,-82.89485
"2011003",725,0,0,0,0,0,0,0,0,0,0,0,0,41.5903,-82.89485
"2011003",750,0,0,0,0,0,0,0,0,0,0,0,0,41.5903,-82.89485
"2011003",775,0,0,0,0,0,0,0,0,0,0,0,0,41.5903,-82.89485
"2011004",175,0,0,0,0,0,0,0,0,0,0,0,0,41.633833,-82.770117
"2011004",200,0,0,0,0,0,0,0,0,0,0,0,0,41.633833,-82.770117
"2011004",225,2,0,0,0,0,0,0,0,0,0,0,0,41.633833,-82.770117
"2011004",250,0,0,0,0,0,0,0,0,0,0,0,0,41.633833,-82.770117
"2011004",275,0,0,0,0,0,0,0,0,0,0,0,0,41.633833,-82.770117
"2011004",300,0,0,0,0,0,0,0,0,0,0,0,0,41.633833,-82.770117
"2011004",325,0,0,0,0,0,0,0,0,0,0,0,0,41.633833,-82.770117
"2011004",350,0,0,1,3,0,0,0,0,0,0,0,0,41.633833,-82.770117
"2011004",375,1,0,1,0,0,0,0,0,0,0,0,0,41.633833,-82.770117
"2011004",400,0,0,0,1,0,0,0,0,0,0,0,0,41.633833,-82.770117
"2011004",425,0,0,0,0,2,1,0,0,0,0,0,0,41.633833,-82.770117
"2011004",450,0,0,0,1,3,1,0,0,0,0,0,0,41.633833,-82.770117
"2011004",475,0,0,0,2,2,0,0,0,0,0,0,0,41.633833,-82.770117
"2011004",500,0,0,1,1,0,5,0,0,0,0,0,0,41.633833,-82.770117
"2011004",525,0,0,0,1,1,2,0,1,0,0,0,0,41.633833,-82.770117
"2011004",550,0,0,0,0,1,0,0,0,0,0,0,0,41.633833,-82.770117
"2011004",575,0,0,0,0,0,1,0,0,0,0,0,0,41.633833,-82.770117
"2011004",600,0,0,0,0,0,0,0,0,0,0,0,0,41.633833,-82.770117
"2011004",625,0,0,0,0,0,0,1,0,0,0,0,0,41.633833,-82.770117
"2011004",650,0,0,0,0,0,0,0,0,0,0,0,0,41.633833,-82.770117
"2011004",675,0,0,0,0,0,0,0,0,0,0,0,0,41.633833,-82.770117
"2011004",700,0,0,0,0,0,1,0,0,1,0,1,0,41.633833,-82.770117
"2011004",725,0,0,0,0,0,0,0,0,0,0,0,0,41.633833,-82.770117
"2011004",750,0,0,0,0,0,0,0,0,0,0,0,0,41.633833,-82.770117
"2011004",775,0,0,0,0,0,0,0,0,0,0,0,0,41.633833,-82.770117
"2011005",175,0,0,0,0,0,0,0,0,0,0,0,0,41.632617,-82.636267
"2011005",200,0,0,0,0,0,0,0,0,0,0,0,0,41.632617,-82.636267
"2011005",225,0,0,0,0,0,0,0,0,0,0,0,0,41.632617,-82.636267
"2011005",250,0,0,0,0,0,0,0,0,0,0,0,0,41.632617,-82.636267
"2011005",275,0,0,0,0,0,0,0,0,0,0,0,0,41.632617,-82.636267
"2011005",300,0,0,0,0,0,0,0,0,0,0,0,0,41.632617,-82.636267
"2011005",325,0,0,0,0,0,0,0,0,0,0,0,0,41.632617,-82.636267
"2011005",350,0,2,0,3,0,0,0,0,0,0,0,0,41.632617,-82.636267
"2011005",375,1,1,1,4,1,2,0,0,0,0,0,0,41.632617,-82.636267
"2011005",400,0,1,1,4,1,0,0,0,0,0,0,0,41.632617,-82.636267
"2011005",425,0,1,0,2,3,1,0,0,0,0,0,0,41.632617,-82.636267
"2011005",450,0,0,0,5,1,0,0,0,0,1,0,0,41.632617,-82.636267
"2011005",475,0,0,0,6,4,9,0,0,0,0,0,0,41.632617,-82.636267
"2011005",500,0,0,1,3,5,7,0,0,0,1,0,0,41.632617,-82.636267
"2011005",525,0,0,0,0,4,4,6,0,1,0,0,0,41.632617,-82.636267
"2011005",550,0,0,1,0,0,2,1,3,2,0,0,0,41.632617,-82.636267
"2011005",575,0,0,0,0,1,4,3,3,1,0,0,0,41.632617,-82.636267
"2011005",600,0,0,0,0,0,0,0,3,1,0,0,0,41.632617,-82.636267
"2011005",625,0,0,0,0,0,2,0,0,1,0,0,0,41.632617,-82.636267
"2011005",650,0,0,0,0,0,0,0,0,1,0,0,0,41.632617,-82.636267
"2011005",675,0,0,0,0,0,0,0,0,1,0,0,0,41.632617,-82.636267
"2011005",700,0,0,0,0,0,0,0,0,0,0,0,0,41.632617,-82.636267
"2011005",725,0,0,0,0,0,0,0,0,0,0,1,0,41.632617,-82.636267
"2011005",750,0,0,0,0,0,0,0,0,0,0,0,0,41.632617,-82.636267
"2011005",775,0,0,0,0,0,0,0,0,0,0,0,0,41.632617,-82.636267
"2011006",175,0,0,0,0,0,0,0,0,0,0,0,0,41.500383,-82.636483
"2011006",200,0,0,0,0,0,0,0,0,0,0,0,0,41.500383,-82.636483
"2011006",225,1,1,0,0,0,0,0,0,0,0,0,0,41.500383,-82.636483
"2011006",250,0,0,0,0,0,0,0,0,0,0,0,0,41.500383,-82.636483
"2011006",275,0,0,0,0,0,0,0,0,0,0,0,0,41.500383,-82.636483
"2011006",300,0,0,0,0,0,0,0,0,0,0,0,0,41.500383,-82.636483
"2011006",325,0,0,0,1,0,0,0,0,0,0,0,0,41.500383,-82.636483
"2011006",350,0,0,1,2,0,0,0,0,0,0,0,0,41.500383,-82.636483
"2011006",375,0,0,1,4,0,0,0,0,0,0,0,0,41.500383,-82.636483
"2011006",400,0,0,0,1,1,0,0,0,0,0,0,0,41.500383,-82.636483
"2011006",425,0,0,0,1,1,0,0,0,0,0,0,0,41.500383,-82.636483
"2011006",450,0,0,2,0,1,0,0,0,0,0,0,0,41.500383,-82.636483
"2011006",475,0,0,0,0,2,2,0,0,0,0,0,0,41.500383,-82.636483
"2011006",500,0,0,0,2,2,0,1,0,0,0,0,0,41.500383,-82.636483
"2011006",525,0,0,0,0,0,3,1,2,0,0,0,0,41.500383,-82.636483
"2011006",550,0,0,0,2,0,3,2,3,0,0,0,0,41.500383,-82.636483
"2011006",575,0,0,1,0,1,2,0,1,2,0,1,0,41.500383,-82.636483
"2011006",600,0,0,0,0,0,0,1,3,1,0,0,0,41.500383,-82.636483
"2011006",625,0,0,0,0,0,0,0,1,1,0,0,0,41.500383,-82.636483
"2011006",650,0,0,0,0,0,0,0,3,0,0,0,0,41.500383,-82.636483
"2011006",675,0,0,0,0,0,0,0,0,0,1,0,1,41.500383,-82.636483
"2011006",700,0,0,0,0,0,0,0,1,0,0,0,0,41.500383,-82.636483
"2011006",725,0,0,0,0,0,0,0,0,0,0,0,0,41.500383,-82.636483
"2011006",750,0,0,0,0,0,0,0,0,0,0,0,0,41.500383,-82.636483
"2011006",775,0,0,0,0,0,0,0,0,0,0,0,0,41.500383,-82.636483
"2011007",175,0,0,0,0,0,0,0,0,0,0,0,0,41.469983,-82.510733
"2011007",200,0,0,0,0,0,0,0,0,0,0,0,0,41.469983,-82.510733
"2011007",225,0,0,0,0,0,0,0,0,0,0,0,0,41.469983,-82.510733
"2011007",250,0,0,0,0,0,0,0,0,0,0,0,0,41.469983,-82.510733
"2011007",275,0,0,0,0,0,0,0,0,0,0,0,0,41.469983,-82.510733
"2011007",300,0,0,0,0,0,0,0,0,0,0,0,0,41.469983,-82.510733
"2011007",325,0,0,0,1,0,0,0,0,0,0,0,0,41.469983,-82.510733
"2011007",350,0,0,2,0,0,0,0,0,0,0,0,0,41.469983,-82.510733
"2011007",375,0,0,0,3,0,0,0,0,0,0,0,0,41.469983,-82.510733
"2011007",400,0,0,0,2,1,0,0,0,0,0,0,0,41.469983,-82.510733
"2011007",425,0,0,1,0,0,0,0,0,0,0,0,0,41.469983,-82.510733
"2011007",450,0,0,0,0,2,0,0,0,0,0,0,0,41.469983,-82.510733
"2011007",475,0,0,0,0,0,1,0,0,0,1,0,0,41.469983,-82.510733
"2011007",500,0,0,0,0,2,2,3,0,0,0,0,0,41.469983,-82.510733
"2011007",525,0,0,1,1,1,4,1,1,0,0,0,0,41.469983,-82.510733
"2011007",550,0,0,0,1,1,3,2,4,0,0,0,0,41.469983,-82.510733
"2011007",575,0,0,0,0,0,0,2,2,0,0,0,0,41.469983,-82.510733
"2011007",600,0,0,0,0,0,1,0,1,1,0,0,0,41.469983,-82.510733
"2011007",625,0,0,0,1,0,0,0,0,0,0,0,0,41.469983,-82.510733
"2011007",650,0,0,0,0,0,0,0,1,1,0,0,0,41.469983,-82.510733
"2011007",675,0,0,0,0,0,0,0,0,0,0,0,0,41.469983,-82.510733
"2011007",700,0,0,0,0,0,0,0,0,0,0,0,0,41.469983,-82.510733
"2011007",725,0,0,0,0,0,0,0,0,0,0,0,0,41.469983,-82.510733
"2011007",750,0,0,0,0,0,0,0,0,0,0,0,0,41.469983,-82.510733
"2011007",775,0,0,0,0,0,0,0,0,0,0,0,0,41.469983,-82.510733
"2011008",175,0,0,0,0,0,0,0,0,0,0,0,0,41.619,-82.5288
"2011008",200,0,0,0,0,0,0,0,0,0,0,0,0,41.619,-82.5288
"2011008",225,0,0,0,0,0,0,0,0,0,0,0,0,41.619,-82.5288
"2011008",250,0,0,0,0,0,0,0,0,0,0,0,0,41.619,-82.5288
"2011008",275,0,0,0,0,0,0,0,0,0,0,0,0,41.619,-82.5288
"2011008",300,0,0,0,0,0,0,0,0,0,0,0,0,41.619,-82.5288
"2011008",325,0,0,0,0,0,0,0,0,0,0,0,0,41.619,-82.5288
"2011008",350,0,1,1,2,0,0,0,0,0,0,0,0,41.619,-82.5288
"2011008",375,1,1,2,1,1,0,0,0,0,0,0,0,41.619,-82.5288
"2011008",400,0,0,2,3,2,0,0,0,0,0,0,0,41.619,-82.5288
"2011008",425,0,0,0,2,2,0,0,0,0,0,0,0,41.619,-82.5288
"2011008",450,0,0,0,0,1,0,0,0,0,0,0,0,41.619,-82.5288
"2011008",475,0,0,1,1,0,1,1,1,0,0,0,0,41.619,-82.5288
"2011008",500,0,0,0,1,1,3,1,0,0,0,0,0,41.619,-82.5288
"2011008",525,0,0,0,1,0,1,1,0,0,0,0,0,41.619,-82.5288
"2011008",550,0,0,0,1,0,1,3,2,0,0,0,0,41.619,-82.5288
"2011008",575,0,0,0,1,0,1,4,1,0,0,0,0,41.619,-82.5288
"2011008",600,0,0,0,0,0,1,1,2,0,0,0,0,41.619,-82.5288
"2011008",625,0,0,0,0,0,0,0,0,1,1,0,0,41.619,-82.5288
"2011008",650,0,0,0,0,0,0,0,0,0,0,0,0,41.619,-82.5288
"2011008",675,0,0,0,0,0,0,0,0,2,0,0,0,41.619,-82.5288
"2011008",700,0,0,0,0,0,0,0,0,0,0,0,0,41.619,-82.5288
"2011008",725,0,0,0,0,0,0,0,0,0,0,0,0,41.619,-82.5288
"2011008",750,0,0,0,0,0,0,0,0,0,0,0,0,41.619,-82.5288
"2011008",775,0,0,0,0,0,0,0,0,0,0,0,0,41.619,-82.5288
"2011009",175,0,0,0,0,0,0,0,0,0,0,0,0,41.44195,-82.3512
"2011009",200,0,0,0,0,0,0,0,0,0,0,0,0,41.44195,-82.3512
"2011009",225,0,0,0,0,0,0,0,0,0,0,0,0,41.44195,-82.3512
"2011009",250,0,0,0,0,0,0,0,0,0,0,0,0,41.44195,-82.3512
"2011009",275,0,0,0,0,0,0,0,0,0,0,0,0,41.44195,-82.3512
"2011009",300,0,0,0,0,0,0,0,0,0,0,0,0,41.44195,-82.3512
"2011009",325,0,0,0,0,0,0,0,0,0,0,0,0,41.44195,-82.3512
"2011009",350,0,0,1,0,0,0,0,0,0,0,0,0,41.44195,-82.3512
"2011009",375,0,0,6,2,0,0,0,0,0,0,0,0,41.44195,-82.3512
"2011009",400,0,0,1,0,1,0,0,0,0,0,0,0,41.44195,-82.3512
"2011009",425,0,0,0,1,0,0,0,0,0,0,0,0,41.44195,-82.3512
"2011009",450,0,0,0,0,0,0,0,0,0,0,0,0,41.44195,-82.3512
"2011009",475,0,0,0,0,1,0,0,0,0,0,0,0,41.44195,-82.3512
"2011009",500,0,0,0,0,1,0,0,0,0,0,0,0,41.44195,-82.3512
"2011009",525,0,0,0,0,0,0,0,1,0,0,0,0,41.44195,-82.3512
"2011009",550,0,0,0,0,0,0,0,0,0,0,0,0,41.44195,-82.3512
"2011009",575,0,0,0,0,0,0,0,3,0,0,0,0,41.44195,-82.3512
"2011009",600,0,0,0,0,0,0,0,1,0,0,0,0,41.44195,-82.3512
"2011009",625,0,0,0,0,0,0,0,1,0,0,0,0,41.44195,-82.3512
"2011009",650,0,0,0,0,0,0,0,2,0,1,0,0,41.44195,-82.3512
"2011009",675,0,0,0,0,0,0,0,0,0,0,0,0,41.44195,-82.3512
"2011009",700,0,0,0,0,0,0,0,0,0,0,0,0,41.44195,-82.3512
"2011009",725,0,0,0,0,0,0,0,0,0,0,0,0,41.44195,-82.3512
"2011009",750,0,0,0,0,0,0,0,0,0,0,0,0,41.44195,-82.3512
"2011009",775,0,0,0,0,0,0,0,0,0,0,1,0,41.44195,-82.3512
"2012001",175,0,0,0,0,0,0,0,0,0,0,0,0,41.6846,-83.202667
"2012001",200,0,0,0,0,0,0,0,0,0,0,0,0,41.6846,-83.202667
"2012001",225,5,0,0,0,0,0,0,0,0,0,0,0,41.6846,-83.202667
"2012001",250,0,2,0,0,0,0,0,0,0,0,0,0,41.6846,-83.202667
"2012001",275,0,0,0,0,0,0,0,0,0,0,0,0,41.6846,-83.202667
"2012001",300,0,0,0,0,0,0,0,0,0,0,0,0,41.6846,-83.202667
"2012001",325,0,0,2,0,0,1,0,0,0,0,0,0,41.6846,-83.202667
"2012001",350,1,1,2,0,0,0,0,0,0,0,0,0,41.6846,-83.202667
"2012001",375,0,0,1,5,0,0,0,0,0,0,0,0,41.6846,-83.202667
"2012001",400,0,0,0,0,1,0,0,0,0,0,0,0,41.6846,-83.202667
"2012001",425,0,0,2,0,2,1,0,0,0,0,0,0,41.6846,-83.202667
"2012001",450,0,0,1,1,2,1,0,0,0,0,0,0,41.6846,-83.202667
"2012001",475,0,0,0,1,0,0,0,0,0,0,0,0,41.6846,-83.202667
"2012001",500,0,0,0,3,0,3,0,0,0,0,0,0,41.6846,-83.202667
"2012001",525,0,0,0,0,0,1,0,0,0,0,0,0,41.6846,-83.202667
"2012001",550,0,0,0,0,0,0,1,0,0,0,0,0,41.6846,-83.202667
"2012001",575,0,0,0,0,0,0,0,0,0,0,0,0,41.6846,-83.202667
"2012001",600,0,0,0,0,0,0,1,0,0,0,0,0,41.6846,-83.202667
"2012001",625,0,0,0,0,0,0,0,0,0,0,0,0,41.6846,-83.202667
"2012001",650,0,0,0,0,0,0,0,0,0,0,0,0,41.6846,-83.202667
"2012001",675,0,0,0,0,0,0,0,0,0,0,0,0,41.6846,-83.202667
"2012001",700,0,0,0,0,0,0,0,0,0,0,0,0,41.6846,-83.202667
"2012001",725,0,0,0,0,0,0,0,0,0,0,0,0,41.6846,-83.202667
"2012001",750,0,0,0,0,0,0,0,0,0,0,0,0,41.6846,-83.202667
"2012001",775,0,0,0,0,0,0,0,0,0,0,0,0,41.6846,-83.202667
"2012002",175,0,0,0,0,0,0,0,0,0,0,0,0,41.59005,-82.894817
"2012002",200,0,0,0,0,0,0,0,0,0,0,0,0,41.59005,-82.894817
"2012002",225,1,0,0,0,0,0,0,0,0,0,0,0,41.59005,-82.894817
"2012002",250,0,0,0,0,0,0,0,0,0,0,0,0,41.59005,-82.894817
"2012002",275,0,0,0,0,0,0,0,0,0,0,0,0,41.59005,-82.894817
"2012002",300,0,0,0,0,0,0,0,0,0,0,0,0,41.59005,-82.894817
"2012002",325,0,0,1,0,0,0,0,0,0,0,0,0,41.59005,-82.894817
"2012002",350,0,2,6,1,0,0,0,0,0,0,0,0,41.59005,-82.894817
"2012002",375,0,1,2,4,1,0,0,0,0,0,0,0,41.59005,-82.894817
"2012002",400,0,0,0,0,2,0,0,0,0,0,0,0,41.59005,-82.894817
"2012002",425,0,0,2,3,0,0,0,0,0,0,0,0,41.59005,-82.894817
"2012002",450,0,0,0,2,1,0,0,0,0,0,0,0,41.59005,-82.894817
"2012002",475,0,0,0,0,1,0,0,0,0,0,0,0,41.59005,-82.894817
"2012002",500,0,0,0,0,0,1,0,0,0,0,0,0,41.59005,-82.894817
"2012002",525,0,0,1,1,0,0,0,0,0,0,0,0,41.59005,-82.894817
"2012002",550,0,0,0,0,0,1,0,0,0,0,0,0,41.59005,-82.894817
"2012002",575,0,0,0,0,0,0,0,0,0,0,0,0,41.59005,-82.894817
"2012002",600,0,0,0,0,0,0,0,1,0,0,0,0,41.59005,-82.894817
"2012002",625,0,0,0,0,0,0,0,0,0,0,0,0,41.59005,-82.894817
"2012002",650,0,0,0,0,0,0,0,0,0,0,0,0,41.59005,-82.894817
"2012002",675,0,0,0,0,0,0,0,0,0,0,0,0,41.59005,-82.894817
"2012002",700,0,0,0,0,0,0,0,0,0,0,0,0,41.59005,-82.894817
"2012002",725,0,0,0,0,0,0,0,0,0,0,0,0,41.59005,-82.894817
"2012002",750,0,0,0,0,0,0,0,0,0,0,0,0,41.59005,-82.894817
"2012002",775,0,0,0,0,0,0,0,0,0,0,0,0,41.59005,-82.894817
"2012003",175,0,0,0,0,0,0,0,0,0,0,0,0,41.633917,-82.770667
"2012003",200,0,0,0,0,0,0,0,0,0,0,0,0,41.633917,-82.770667
"2012003",225,1,0,0,0,0,0,0,0,0,0,0,0,41.633917,-82.770667
"2012003",250,0,1,0,0,0,0,0,0,0,0,0,0,41.633917,-82.770667
"2012003",275,0,0,0,0,0,0,0,0,0,0,0,0,41.633917,-82.770667
"2012003",300,0,0,0,0,0,0,0,0,0,0,0,0,41.633917,-82.770667
"2012003",325,0,0,0,0,0,0,0,0,0,0,0,0,41.633917,-82.770667
"2012003",350,0,0,2,0,0,0,0,0,0,0,0,0,41.633917,-82.770667
"2012003",375,0,0,0,2,0,0,0,0,0,0,0,0,41.633917,-82.770667
"2012003",400,0,0,0,0,1,0,0,0,0,0,0,0,41.633917,-82.770667
"2012003",425,0,0,1,1,2,0,0,0,0,0,0,0,41.633917,-82.770667
"2012003",450,0,0,1,2,4,0,0,0,0,0,0,0,41.633917,-82.770667
"2012003",475,0,0,0,4,4,1,0,0,0,0,0,0,41.633917,-82.770667
"2012003",500,0,0,0,0,1,0,2,0,0,0,0,0,41.633917,-82.770667
"2012003",525,0,0,0,1,0,1,0,0,0,0,0,0,41.633917,-82.770667
"2012003",550,0,0,0,0,0,2,1,3,0,0,0,0,41.633917,-82.770667
"2012003",575,0,0,0,0,0,1,0,4,1,0,0,0,41.633917,-82.770667
"2012003",600,0,0,0,0,0,1,0,1,1,1,0,0,41.633917,-82.770667
"2012003",625,0,0,0,0,0,0,0,0,0,0,0,0,41.633917,-82.770667
"2012003",650,0,0,0,0,0,0,0,0,0,0,0,0,41.633917,-82.770667
"2012003",675,0,0,0,0,0,0,0,0,0,0,0,0,41.633917,-82.770667
"2012003",700,0,0,0,0,0,0,0,0,0,0,0,0,41.633917,-82.770667
"2012003",725,0,0,0,0,0,0,0,0,0,0,0,0,41.633917,-82.770667
"2012003",750,0,0,0,0,0,0,0,0,0,0,0,0,41.633917,-82.770667
"2012003",775,0,0,0,0,0,0,0,0,0,0,0,0,41.633917,-82.770667
"2012004",175,0,0,0,0,0,0,0,0,0,0,0,0,41.500917,-82.636817
"2012004",200,0,0,0,0,0,0,0,0,0,0,0,0,41.500917,-82.636817
"2012004",225,0,0,0,0,0,0,0,0,0,0,0,0,41.500917,-82.636817
"2012004",250,0,0,0,0,0,0,0,0,0,0,0,0,41.500917,-82.636817
"2012004",275,0,0,0,0,0,0,0,0,0,0,0,0,41.500917,-82.636817
"2012004",300,0,0,0,0,0,0,0,0,0,0,0,0,41.500917,-82.636817
"2012004",325,0,0,1,0,0,0,0,0,0,0,0,0,41.500917,-82.636817
"2012004",350,0,0,3,2,0,0,0,0,1,0,0,0,41.500917,-82.636817
"2012004",375,0,2,2,6,0,0,0,0,0,0,0,0,41.500917,-82.636817
"2012004",400,0,0,0,3,1,0,0,0,0,0,0,0,41.500917,-82.636817
"2012004",425,0,1,0,2,0,0,0,0,0,0,0,0,41.500917,-82.636817
"2012004",450,0,0,0,3,2,2,0,0,0,0,0,0,41.500917,-82.636817
"2012004",475,0,0,0,1,0,4,0,0,0,0,0,0,41.500917,-82.636817
"2012004",500,0,0,0,2,0,1,1,1,0,0,0,0,41.500917,-82.636817
"2012004",525,0,0,0,1,0,0,1,2,0,0,0,0,41.500917,-82.636817
"2012004",550,0,0,0,2,0,2,0,2,0,0,0,0,41.500917,-82.636817
"2012004",575,0,0,0,0,0,0,0,0,2,1,0,0,41.500917,-82.636817
"2012004",600,0,0,0,0,0,0,0,1,3,0,0,0,41.500917,-82.636817
"2012004",625,0,0,0,0,0,0,0,0,2,0,0,0,41.500917,-82.636817
"2012004",650,0,0,0,0,0,1,1,1,1,0,0,0,41.500917,-82.636817
"2012004",675,0,0,0,0,0,0,0,2,0,0,0,0,41.500917,-82.636817
"2012004",700,0,0,0,0,1,0,0,0,0,0,1,0,41.500917,-82.636817
"2012004",725,0,0,0,0,0,0,0,0,0,0,0,0,41.500917,-82.636817
"2012004",750,0,0,0,0,0,0,0,0,0,0,0,0,41.500917,-82.636817
"2012004",775,0,0,0,0,0,0,0,0,0,0,0,0,41.500917,-82.636817
"2012005",175,0,0,0,0,0,0,0,0,0,0,0,0,41.8806333,-83.64276667
"2012005",200,0,0,0,0,0,0,0,0,0,0,0,0,41.8806333,-83.64276667
"2012005",225,0,0,0,0,0,0,0,0,0,0,0,0,41.8806333,-83.64276667
"2012005",250,1,1,0,0,0,0,0,0,0,0,0,0,41.8806333,-83.64276667
"2012005",275,0,0,0,0,0,0,0,0,0,0,0,0,41.8806333,-83.64276667
"2012005",300,0,0,0,0,0,0,0,0,0,0,0,0,41.8806333,-83.64276667
"2012005",325,0,0,1,1,0,0,0,0,0,0,0,0,41.8806333,-83.64276667
"2012005",350,0,1,5,3,0,0,0,0,0,0,0,0,41.8806333,-83.64276667
"2012005",375,0,0,6,7,0,0,0,0,0,0,0,0,41.8806333,-83.64276667
"2012005",400,0,0,1,2,0,0,0,0,0,0,0,0,41.8806333,-83.64276667
"2012005",425,0,0,1,2,3,0,0,0,0,0,0,0,41.8806333,-83.64276667
"2012005",450,0,0,0,2,0,0,0,0,0,0,0,0,41.8806333,-83.64276667
"2012005",475,0,0,0,2,1,0,0,0,0,0,0,0,41.8806333,-83.64276667
"2012005",500,0,0,1,0,0,0,0,0,0,0,0,0,41.8806333,-83.64276667
"2012005",525,0,0,0,0,0,2,0,0,0,0,0,0,41.8806333,-83.64276667
"2012005",550,0,0,0,0,0,0,0,0,1,0,0,0,41.8806333,-83.64276667
"2012005",575,0,0,0,0,0,1,1,0,1,0,0,0,41.8806333,-83.64276667
"2012005",600,0,0,0,0,0,0,0,0,0,0,0,0,41.8806333,-83.64276667
"2012005",625,0,0,0,0,0,0,0,0,1,0,0,0,41.8806333,-83.64276667
"2012005",650,0,0,0,0,0,0,0,0,0,0,0,0,41.8806333,-83.64276667
"2012005",675,0,0,0,0,0,0,0,0,0,0,0,0,41.8806333,-83.64276667
"2012005",700,0,0,0,0,0,1,0,0,0,0,0,0,41.8806333,-83.64276667
"2012005",725,0,0,0,0,0,0,0,0,0,0,0,0,41.8806333,-83.64276667
"2012005",750,0,0,0,0,0,0,0,0,0,0,0,0,41.8806333,-83.64276667
"2012005",775,0,0,0,0,0,0,0,0,0,0,0,0,41.8806333,-83.64276667
"2012006",175,0,0,0,0,0,0,0,0,0,0,0,0,41.645916667,-82.6457333
"2012006",200,0,0,0,0,0,0,0,0,0,0,0,0,41.645916667,-82.6457333
"2012006",225,0,0,0,0,0,0,0,0,0,0,0,0,41.645916667,-82.6457333
"2012006",250,0,0,0,0,0,0,0,0,0,0,0,0,41.645916667,-82.6457333
"2012006",275,0,0,0,0,0,0,0,0,0,0,0,0,41.645916667,-82.6457333
"2012006",300,0,0,0,0,0,0,0,0,0,0,0,0,41.645916667,-82.6457333
"2012006",325,0,0,0,0,0,0,0,0,0,0,0,0,41.645916667,-82.6457333
"2012006",350,0,0,0,0,0,0,0,0,0,0,0,0,41.645916667,-82.6457333
"2012006",375,0,0,0,1,0,0,0,0,0,0,0,0,41.645916667,-82.6457333
"2012006",400,0,0,0,0,0,0,0,0,0,0,0,0,41.645916667,-82.6457333
"2012006",425,0,0,0,0,0,0,0,0,0,0,0,0,41.645916667,-82.6457333
"2012006",450,0,0,0,0,0,0,0,0,0,0,0,0,41.645916667,-82.6457333
"2012006",475,0,0,0,0,0,0,0,0,0,0,0,0,41.645916667,-82.6457333
"2012006",500,0,0,0,0,0,0,0,0,0,0,0,0,41.645916667,-82.6457333
"2012006",525,0,0,0,0,0,0,0,1,0,0,0,0,41.645916667,-82.6457333
"2012006",550,0,0,0,0,0,0,0,0,0,0,0,0,41.645916667,-82.6457333
"2012006",575,0,0,0,0,0,0,2,0,0,0,0,0,41.645916667,-82.6457333
"2012006",600,0,0,0,0,0,1,0,0,0,0,0,0,41.645916667,-82.6457333
"2012006",625,0,0,0,0,0,0,0,0,0,0,0,0,41.645916667,-82.6457333
"2012006",650,0,0,0,0,0,0,0,0,0,0,0,0,41.645916667,-82.6457333
"2012006",675,0,0,0,0,0,0,0,0,0,0,0,0,41.645916667,-82.6457333
"2012006",700,0,0,0,0,0,0,0,0,0,0,0,0,41.645916667,-82.6457333
"2012006",725,0,0,0,0,0,0,0,0,0,0,0,0,41.645916667,-82.6457333
"2012006",750,0,0,0,0,0,0,0,0,0,0,0,0,41.645916667,-82.6457333
"2012006",775,0,0,0,0,0,0,0,0,0,0,0,0,41.645916667,-82.6457333
"2012007",175,0,0,0,0,0,0,0,0,0,0,0,0,41.53988333,-82.48295
"2012007",200,0,0,0,0,0,0,0,0,0,0,0,0,41.53988333,-82.48295
"2012007",225,0,0,0,0,0,0,0,0,0,0,0,0,41.53988333,-82.48295
"2012007",250,0,0,0,0,0,0,0,0,0,0,0,0,41.53988333,-82.48295
"2012007",275,0,0,0,0,0,0,0,0,0,0,0,0,41.53988333,-82.48295
"2012007",300,0,0,0,0,0,0,0,0,0,0,0,0,41.53988333,-82.48295
"2012007",325,0,0,0,0,0,0,0,0,0,0,0,0,41.53988333,-82.48295
"2012007",350,0,0,1,0,0,0,0,0,0,0,0,0,41.53988333,-82.48295
"2012007",375,0,2,1,4,0,0,0,0,0,0,0,0,41.53988333,-82.48295
"2012007",400,0,0,0,0,1,0,0,0,0,0,0,0,41.53988333,-82.48295
"2012007",425,0,0,0,4,0,0,0,0,0,0,0,0,41.53988333,-82.48295
"2012007",450,0,0,0,2,0,0,0,0,0,0,0,0,41.53988333,-82.48295
"2012007",475,0,0,0,0,1,0,0,0,0,0,0,0,41.53988333,-82.48295
"2012007",500,0,0,0,2,1,0,0,0,0,0,0,0,41.53988333,-82.48295
"2012007",525,0,0,0,0,0,1,0,0,0,0,1,0,41.53988333,-82.48295
"2012007",550,0,0,0,0,0,1,0,1,1,0,0,0,41.53988333,-82.48295
"2012007",575,0,0,0,0,1,2,0,2,1,0,0,0,41.53988333,-82.48295
"2012007",600,0,0,0,0,0,0,0,0,1,0,0,0,41.53988333,-82.48295
"2012007",625,0,0,0,0,0,0,0,0,1,0,0,0,41.53988333,-82.48295
"2012007",650,0,0,0,0,0,0,0,0,1,0,0,0,41.53988333,-82.48295
"2012007",675,0,0,0,0,0,0,1,0,0,0,0,0,41.53988333,-82.48295
"2012007",700,0,0,0,0,0,0,0,1,0,0,0,0,41.53988333,-82.48295
"2012007",725,0,0,0,0,0,0,0,1,0,0,0,0,41.53988333,-82.48295
"2012007",750,0,0,0,0,0,0,0,0,0,0,0,0,41.53988333,-82.48295
"2012007",775,0,0,0,0,0,0,0,0,0,0,0,0,41.53988333,-82.48295
"2012008",175,0,0,0,0,0,0,0,0,0,0,0,0,41.46936667,-82.5101333
"2012008",200,0,0,0,0,0,0,0,0,0,0,0,0,41.46936667,-82.5101333
"2012008",225,0,0,0,0,0,0,0,0,0,0,0,0,41.46936667,-82.5101333
"2012008",250,0,0,0,0,0,0,0,0,0,0,0,0,41.46936667,-82.5101333
"2012008",275,0,0,0,0,0,0,0,0,0,0,0,0,41.46936667,-82.5101333
"2012008",300,0,0,0,0,0,0,0,0,0,0,0,0,41.46936667,-82.5101333
"2012008",325,0,0,0,0,0,0,0,0,0,0,0,0,41.46936667,-82.5101333
"2012008",350,0,0,0,0,0,0,0,0,0,0,0,0,41.46936667,-82.5101333
"2012008",375,0,0,0,0,0,0,0,0,0,0,0,0,41.46936667,-82.5101333
"2012008",400,0,0,0,0,1,0,0,0,0,0,0,0,41.46936667,-82.5101333
"2012008",425,0,0,0,0,1,0,0,0,0,0,0,0,41.46936667,-82.5101333
"2012008",450,0,1,0,0,3,0,0,0,0,0,0,0,41.46936667,-82.5101333
"2012008",475,0,1,0,0,0,2,2,0,0,0,0,0,41.46936667,-82.5101333
"2012008",500,0,0,0,0,1,3,0,1,0,0,0,0,41.46936667,-82.5101333
"2012008",525,0,0,0,0,0,0,2,0,0,0,0,0,41.46936667,-82.5101333
"2012008",550,0,0,0,2,0,0,0,2,0,0,0,0,41.46936667,-82.5101333
"2012008",575,0,0,0,0,0,1,2,3,0,0,0,0,41.46936667,-82.5101333
"2012008",600,0,0,0,0,0,1,0,3,3,0,0,0,41.46936667,-82.5101333
"2012008",625,0,0,0,0,0,0,0,1,0,0,0,0,41.46936667,-82.5101333
"2012008",650,0,0,0,0,0,0,0,0,0,0,0,0,41.46936667,-82.5101333
"2012008",675,0,0,0,0,0,0,0,0,0,0,0,0,41.46936667,-82.5101333
"2012008",700,0,0,0,0,0,0,0,0,0,0,0,0,41.46936667,-82.5101333
"2012008",725,0,0,0,0,0,0,0,0,0,0,0,0,41.46936667,-82.5101333
"2012008",750,0,0,0,0,0,0,0,0,0,0,0,0,41.46936667,-82.5101333
"2012008",775,0,0,0,0,0,0,0,0,0,0,0,0,41.46936667,-82.5101333
"2012009",175,0,0,0,0,0,0,0,0,0,0,0,0,41.61978333,-82.52835
"2012009",200,0,0,0,0,0,0,0,0,0,0,0,0,41.61978333,-82.52835
"2012009",225,0,0,0,0,0,0,0,0,0,0,0,0,41.61978333,-82.52835
"2012009",250,0,0,0,0,0,0,0,0,0,0,0,0,41.61978333,-82.52835
"2012009",275,0,0,0,0,0,0,0,0,0,0,0,0,41.61978333,-82.52835
"2012009",300,0,0,0,0,0,0,0,0,0,0,0,0,41.61978333,-82.52835
"2012009",325,0,0,0,0,0,0,0,0,0,0,0,0,41.61978333,-82.52835
"2012009",350,0,0,0,0,0,0,0,0,0,0,0,0,41.61978333,-82.52835
"2012009",375,0,0,0,0,0,0,0,0,0,0,0,0,41.61978333,-82.52835
"2012009",400,0,1,0,0,0,0,0,0,0,0,0,0,41.61978333,-82.52835
"2012009",425,0,0,0,0,0,0,0,0,0,0,0,0,41.61978333,-82.52835
"2012009",450,0,0,0,0,0,0,0,0,0,0,0,0,41.61978333,-82.52835
"2012009",475,0,0,0,0,0,1,0,0,0,0,0,0,41.61978333,-82.52835
"2012009",500,0,0,0,0,0,0,0,0,0,0,0,0,41.61978333,-82.52835
"2012009",525,0,0,0,0,0,1,0,1,0,0,0,0,41.61978333,-82.52835
"2012009",550,0,0,0,0,0,0,0,1,0,0,0,0,41.61978333,-82.52835
"2012009",575,0,0,0,0,0,0,0,1,0,0,0,0,41.61978333,-82.52835
"2012009",600,0,0,0,0,0,0,0,0,0,0,0,0,41.61978333,-82.52835
"2012009",625,0,0,0,0,0,0,0,0,0,0,0,0,41.61978333,-82.52835
"2012009",650,0,0,0,0,0,0,0,0,0,1,0,0,41.61978333,-82.52835
"2012009",675,0,0,0,0,0,0,0,0,0,0,0,0,41.61978333,-82.52835
"2012009",700,0,0,0,0,0,0,0,0,0,0,0,0,41.61978333,-82.52835
"2012009",725,0,0,0,0,0,0,0,0,0,0,0,0,41.61978333,-82.52835
"2012009",750,0,0,0,0,0,0,0,0,0,0,0,0,41.61978333,-82.52835
"2012009",775,0,0,0,0,0,0,0,0,0,0,0,0,41.61978333,-82.52835
"2012010",175,0,0,0,0,0,0,0,0,0,0,0,0,41.55185,-82.36185
"2012010",200,0,0,0,0,0,0,0,0,0,0,0,0,41.55185,-82.36185
"2012010",225,0,0,0,0,0,0,0,0,0,0,0,0,41.55185,-82.36185
"2012010",250,0,0,0,0,0,0,0,0,0,0,0,0,41.55185,-82.36185
"2012010",275,0,0,0,0,0,0,0,0,0,0,0,0,41.55185,-82.36185
"2012010",300,0,0,0,0,0,0,0,0,0,0,0,0,41.55185,-82.36185
"2012010",325,0,0,0,0,0,0,0,0,0,0,0,0,41.55185,-82.36185
"2012010",350,0,0,0,0,0,0,0,0,0,0,0,0,41.55185,-82.36185
"2012010",375,0,0,0,0,1,0,0,0,0,0,0,0,41.55185,-82.36185
"2012010",400,0,0,2,1,2,0,0,0,0,0,0,0,41.55185,-82.36185
"2012010",425,0,0,0,1,0,0,0,0,0,0,0,0,41.55185,-82.36185
"2012010",450,0,0,0,1,2,2,0,0,0,0,0,0,41.55185,-82.36185
"2012010",475,0,0,0,1,0,4,1,0,0,0,0,0,41.55185,-82.36185
"2012010",500,0,0,0,0,0,3,2,0,0,0,0,0,41.55185,-82.36185
"2012010",525,0,0,0,0,0,0,0,0,1,0,0,0,41.55185,-82.36185
"2012010",550,0,0,0,0,0,0,2,1,0,0,0,0,41.55185,-82.36185
"2012010",575,0,0,0,0,1,1,2,1,2,0,0,0,41.55185,-82.36185
"2012010",600,0,0,0,0,0,1,1,1,0,0,0,0,41.55185,-82.36185
"2012010",625,0,0,0,0,0,0,0,0,1,0,0,0,41.55185,-82.36185
"2012010",650,0,0,0,0,0,0,0,0,0,1,0,0,41.55185,-82.36185
"2012010",675,0,0,0,0,0,0,0,1,0,0,0,0,41.55185,-82.36185
"2012010",700,0,0,0,0,0,0,0,0,0,1,0,0,41.55185,-82.36185
"2012010",725,0,0,0,0,0,0,0,0,0,0,0,0,41.55185,-82.36185
"2012010",750,0,0,0,0,0,0,0,0,0,0,0,0,41.55185,-82.36185
"2012010",775,0,0,0,0,0,0,0,0,0,0,0,0,41.55185,-82.36185
"2012011",175,0,0,0,0,0,0,0,0,0,0,0,0,41.43278333,-82.474616667
"2012011",200,0,0,0,0,0,0,0,0,0,0,0,0,41.43278333,-82.474616667
"2012011",225,0,0,0,0,0,0,0,0,0,0,0,0,41.43278333,-82.474616667
"2012011",250,0,0,0,0,0,0,0,0,0,0,0,0,41.43278333,-82.474616667
"2012011",275,0,0,0,0,0,0,0,0,0,0,0,0,41.43278333,-82.474616667
"2012011",300,0,0,0,0,0,0,0,0,0,0,0,0,41.43278333,-82.474616667
"2012011",325,0,0,0,0,0,0,0,0,0,0,0,0,41.43278333,-82.474616667
"2012011",350,0,0,0,0,0,0,0,0,0,0,0,0,41.43278333,-82.474616667
"2012011",375,0,0,2,3,3,0,0,0,0,0,0,0,41.43278333,-82.474616667
"2012011",400,0,0,2,0,1,0,0,0,0,0,0,0,41.43278333,-82.474616667
"2012011",425,0,0,0,0,2,0,0,0,0,0,0,0,41.43278333,-82.474616667
"2012011",450,0,0,1,1,2,1,0,0,2,0,0,0,41.43278333,-82.474616667
"2012011",475,0,0,0,3,4,0,2,0,0,0,0,0,41.43278333,-82.474616667
"2012011",500,0,0,0,0,2,5,1,1,1,0,0,0,41.43278333,-82.474616667
"2012011",525,0,0,0,0,1,2,2,4,2,0,0,0,41.43278333,-82.474616667
"2012011",550,0,0,0,0,0,1,1,5,4,0,0,0,41.43278333,-82.474616667
"2012011",575,0,0,0,0,0,0,1,4,2,1,0,0,41.43278333,-82.474616667
"2012011",600,0,0,0,1,0,0,0,2,0,0,0,0,41.43278333,-82.474616667
"2012011",625,0,0,0,0,0,0,0,1,1,0,0,0,41.43278333,-82.474616667
"2012011",650,0,0,0,0,0,0,0,0,0,2,2,0,41.43278333,-82.474616667
"2012011",675,0,0,0,0,0,0,1,0,1,3,0,0,41.43278333,-82.474616667
"2012011",700,0,0,0,0,0,0,0,0,1,1,1,0,41.43278333,-82.474616667
"2012011",725,0,0,0,0,0,0,0,0,0,0,0,0,41.43278333,-82.474616667
"2012011",750,0,0,0,0,0,0,0,0,0,0,0,0,41.43278333,-82.474616667
"2012011",775,0,0,0,0,0,0,0,0,0,0,0,0,41.43278333,-82.474616667
"2012012",175,0,0,0,0,0,0,0,0,0,0,0,0,41.441216667,-82.35053333
"2012012",200,0,0,0,0,0,0,0,0,0,0,0,0,41.441216667,-82.35053333
"2012012",225,0,0,0,0,0,0,0,0,0,0,0,0,41.441216667,-82.35053333
"2012012",250,0,0,0,0,0,0,0,0,0,0,0,0,41.441216667,-82.35053333
"2012012",275,0,0,0,0,0,0,0,0,0,0,0,0,41.441216667,-82.35053333
"2012012",300,0,0,0,0,0,0,0,0,0,0,0,0,41.441216667,-82.35053333
"2012012",325,0,0,0,0,0,0,0,0,0,0,0,0,41.441216667,-82.35053333
"2012012",350,0,0,1,0,0,0,0,0,0,0,0,0,41.441216667,-82.35053333
"2012012",375,0,0,1,0,0,0,0,0,0,0,0,0,41.441216667,-82.35053333
"2012012",400,0,0,1,0,3,0,0,0,0,0,0,0,41.441216667,-82.35053333
"2012012",425,0,0,4,0,3,0,0,0,0,1,0,0,41.441216667,-82.35053333
"2012012",450,0,0,3,0,5,0,0,0,0,7,0,0,41.441216667,-82.35053333
"2012012",475,0,0,5,0,6,2,0,0,0,5,0,0,41.441216667,-82.35053333
"2012012",500,0,0,1,0,2,1,2,0,0,0,0,1,41.441216667,-82.35053333
"2012012",525,0,0,3,0,0,2,6,0,1,1,0,0,41.441216667,-82.35053333
"2012012",550,0,0,4,0,4,3,4,5,2,2,0,0,41.441216667,-82.35053333
"2012012",575,1,0,1,0,2,1,2,9,3,0,0,0,41.441216667,-82.35053333
"2012012",600,0,0,1,0,0,0,5,6,6,0,0,0,41.441216667,-82.35053333
"2012012",625,0,0,0,0,1,0,1,2,1,0,1,0,41.441216667,-82.35053333
"2012012",650,0,0,0,0,0,0,1,1,0,0,1,0,41.441216667,-82.35053333
"2012012",675,0,0,0,0,0,0,1,0,0,0,0,0,41.441216667,-82.35053333
"2012012",700,0,0,0,0,0,0,0,0,0,0,0,1,41.441216667,-82.35053333
"2012012",725,0,0,0,0,0,0,1,0,0,0,0,1,41.441216667,-82.35053333
"2012012",750,0,0,0,0,0,0,0,0,0,0,0,0,41.441216667,-82.35053333
"2012012",775,0,0,0,0,0,0,0,0,0,0,0,0,41.441216667,-82.35053333
"2013001",175,0,0,0,0,0,0,0,0,0,0,0,0,41.500833,-82.636383
"2013001",200,0,0,0,0,0,0,0,0,0,0,0,0,41.500833,-82.636383
"2013001",225,0,0,0,0,0,0,0,0,0,0,0,0,41.500833,-82.636383
"2013001",250,0,0,0,0,0,0,0,0,0,0,0,0,41.500833,-82.636383
"2013001",275,0,0,0,0,0,0,0,0,0,0,0,0,41.500833,-82.636383
"2013001",300,0,0,0,0,0,0,0,0,0,0,0,0,41.500833,-82.636383
"2013001",325,0,0,0,0,0,0,0,0,0,0,0,0,41.500833,-82.636383
"2013001",350,0,1,1,0,0,0,0,0,0,0,0,0,41.500833,-82.636383
"2013001",375,0,0,3,1,0,0,0,0,0,0,0,0,41.500833,-82.636383
"2013001",400,0,0,2,2,1,0,0,0,0,0,0,0,41.500833,-82.636383
"2013001",425,0,0,1,2,6,0,0,0,0,0,0,0,41.500833,-82.636383
"2013001",450,0,0,1,3,4,0,0,1,0,0,0,0,41.500833,-82.636383
"2013001",475,0,0,1,3,6,0,1,0,0,0,0,0,41.500833,-82.636383
"2013001",500,0,0,0,0,0,0,1,0,0,0,0,0,41.500833,-82.636383
"2013001",525,0,0,0,1,1,0,3,1,0,0,0,0,41.500833,-82.636383
"2013001",550,0,0,0,0,1,0,0,0,0,0,0,0,41.500833,-82.636383
"2013001",575,0,0,0,0,0,0,1,0,0,0,0,0,41.500833,-82.636383
"2013001",600,0,0,0,0,0,0,1,3,0,0,0,0,41.500833,-82.636383
"2013001",625,0,0,0,0,0,0,0,1,0,0,0,0,41.500833,-82.636383
"2013001",650,0,0,0,0,0,0,0,1,1,0,0,0,41.500833,-82.636383
"2013001",675,0,0,0,0,0,0,0,0,1,1,0,0,41.500833,-82.636383
"2013001",700,0,0,0,0,0,0,0,0,1,1,0,0,41.500833,-82.636383
"2013001",725,0,0,0,0,0,0,0,0,0,0,0,0,41.500833,-82.636383
"2013001",750,0,0,0,0,0,0,0,0,1,0,0,0,41.500833,-82.636383
"2013001",775,0,0,0,0,0,0,0,0,0,0,0,0,41.500833,-82.636383
"2013002",175,0,0,0,0,0,0,0,0,0,0,0,0,41.620417,-82.527117
"2013002",200,0,0,0,0,0,0,0,0,0,0,0,0,41.620417,-82.527117
"2013002",225,0,0,0,0,0,0,0,0,0,0,0,0,41.620417,-82.527117
"2013002",250,0,0,0,0,0,0,0,0,0,0,0,0,41.620417,-82.527117
"2013002",275,0,0,0,0,0,0,0,0,0,0,0,0,41.620417,-82.527117
"2013002",300,0,0,0,0,0,0,0,0,0,0,0,0,41.620417,-82.527117
"2013002",325,0,0,0,0,0,0,0,0,0,0,0,0,41.620417,-82.527117
"2013002",350,0,0,0,0,0,0,0,0,0,0,0,0,41.620417,-82.527117
"2013002",375,0,0,0,3,0,0,0,0,0,0,0,0,41.620417,-82.527117
"2013002",400,0,0,0,1,0,0,0,0,0,0,0,0,41.620417,-82.527117
"2013002",425,0,1,1,1,1,1,0,0,0,0,0,0,41.620417,-82.527117
"2013002",450,0,0,1,5,5,6,0,0,1,0,0,0,41.620417,-82.527117
"2013002",475,0,0,0,3,5,3,0,0,0,0,0,0,41.620417,-82.527117
"2013002",500,0,0,0,1,1,2,0,0,0,0,0,0,41.620417,-82.527117
"2013002",525,0,0,0,2,0,1,0,0,1,0,0,0,41.620417,-82.527117
"2013002",550,0,0,0,0,1,2,0,2,0,0,0,0,41.620417,-82.527117
"2013002",575,0,0,0,0,0,1,0,2,1,0,0,0,41.620417,-82.527117
"2013002",600,0,0,0,0,0,0,0,0,1,0,0,0,41.620417,-82.527117
"2013002",625,0,0,0,0,0,0,0,0,0,0,0,0,41.620417,-82.527117
"2013002",650,0,0,0,0,0,0,0,0,0,1,0,0,41.620417,-82.527117
"2013002",675,0,0,0,0,0,0,0,0,0,0,0,0,41.620417,-82.527117
"2013002",700,0,0,0,0,0,0,0,0,0,0,0,0,41.620417,-82.527117
"2013002",725,0,0,0,0,0,0,0,0,0,0,0,0,41.620417,-82.527117
"2013002",750,0,0,0,0,0,0,0,0,0,0,0,0,41.620417,-82.527117
"2013002",775,0,0,0,0,0,0,0,0,0,0,0,0,41.620417,-82.527117
"2013003",175,0,0,0,0,0,0,0,0,0,0,0,0,41.470817,-82.509367
"2013003",200,0,0,0,0,0,0,0,0,0,0,0,0,41.470817,-82.509367
"2013003",225,0,0,0,0,0,0,0,0,0,0,0,0,41.470817,-82.509367
"2013003",250,0,0,0,0,0,0,0,0,0,0,0,0,41.470817,-82.509367
"2013003",275,0,0,0,0,0,0,0,0,0,0,0,0,41.470817,-82.509367
"2013003",300,0,0,0,0,0,0,0,0,0,0,0,0,41.470817,-82.509367
"2013003",325,0,0,0,0,0,0,0,0,0,0,0,0,41.470817,-82.509367
"2013003",350,0,1,0,0,0,0,0,0,0,0,0,0,41.470817,-82.509367
"2013003",375,0,0,1,0,0,0,0,0,0,0,0,0,41.470817,-82.509367
"2013003",400,0,0,0,0,0,0,0,0,0,0,0,0,41.470817,-82.509367
"2013003",425,0,0,0,1,0,1,0,0,0,0,0,0,41.470817,-82.509367
"2013003",450,0,1,1,4,1,0,0,0,0,0,0,0,41.470817,-82.509367
"2013003",475,0,0,1,1,3,1,0,1,0,0,0,0,41.470817,-82.509367
"2013003",500,0,0,0,1,0,2,1,0,0,0,0,0,41.470817,-82.509367
"2013003",525,0,0,0,0,1,1,0,0,0,1,0,0,41.470817,-82.509367
"2013003",550,0,0,0,0,0,0,0,0,0,0,0,0,41.470817,-82.509367
"2013003",575,0,0,0,0,0,0,0,0,0,0,0,0,41.470817,-82.509367
"2013003",600,0,0,0,0,0,0,0,0,0,0,0,0,41.470817,-82.509367
"2013003",625,0,0,0,0,0,0,0,0,0,0,0,0,41.470817,-82.509367
"2013003",650,0,0,0,0,0,0,0,0,0,0,0,0,41.470817,-82.509367
"2013003",675,0,0,0,0,0,0,0,0,0,0,0,0,41.470817,-82.509367
"2013003",700,0,0,0,0,0,0,0,0,0,0,1,0,41.470817,-82.509367
"2013003",725,0,0,0,0,0,0,0,0,0,0,0,0,41.470817,-82.509367
"2013003",750,0,0,0,0,0,0,0,0,0,0,0,0,41.470817,-82.509367
"2013003",775,0,0,0,0,0,0,0,0,0,0,0,0,41.470817,-82.509367
"2013004",175,0,0,0,0,0,0,0,0,0,0,0,0,41.551133,-82.362083
"2013004",200,0,0,0,0,0,0,0,0,0,0,0,0,41.551133,-82.362083
"2013004",225,0,0,0,0,0,0,0,0,0,0,0,0,41.551133,-82.362083
"2013004",250,0,0,0,0,0,0,0,0,0,0,0,0,41.551133,-82.362083
"2013004",275,0,0,0,0,0,0,0,0,0,0,0,0,41.551133,-82.362083
"2013004",300,0,0,0,0,0,0,0,0,0,0,0,0,41.551133,-82.362083
"2013004",325,0,0,0,0,0,0,0,0,0,0,0,0,41.551133,-82.362083
"2013004",350,0,0,0,0,0,0,0,0,0,0,0,0,41.551133,-82.362083
"2013004",375,0,0,0,1,0,0,0,0,0,0,0,0,41.551133,-82.362083
"2013004",400,0,0,1,0,1,0,0,0,0,0,0,0,41.551133,-82.362083
"2013004",425,0,0,0,0,2,0,1,0,0,0,0,0,41.551133,-82.362083
"2013004",450,0,0,0,0,4,0,0,0,0,0,0,0,41.551133,-82.362083
"2013004",475,0,0,0,1,0,0,1,0,0,0,0,0,41.551133,-82.362083
"2013004",500,0,0,0,0,1,1,1,2,0,0,0,0,41.551133,-82.362083
"2013004",525,0,0,0,0,0,2,2,0,0,0,0,0,41.551133,-82.362083
"2013004",550,0,0,0,0,1,0,5,0,0,0,0,0,41.551133,-82.362083
"2013004",575,0,0,0,0,0,0,0,0,0,0,0,0,41.551133,-82.362083
"2013004",600,0,0,0,0,0,0,2,0,0,0,0,0,41.551133,-82.362083
"2013004",625,0,0,0,0,0,0,0,1,0,0,0,0,41.551133,-82.362083
"2013004",650,0,0,0,0,0,0,0,0,0,0,0,0,41.551133,-82.362083
"2013004",675,0,0,0,0,0,0,0,0,0,0,0,0,41.551133,-82.362083
"2013004",700,0,0,0,0,0,0,0,0,0,0,0,0,41.551133,-82.362083
"2013004",725,0,0,0,0,0,0,0,0,0,0,0,0,41.551133,-82.362083
"2013004",750,0,0,0,0,0,0,0,0,0,0,0,0,41.551133,-82.362083
"2013004",775,0,0,0,0,0,0,0,0,0,0,0,0,41.551133,-82.362083
"2013005",175,0,0,0,0,0,0,0,0,0,0,0,0,41.441433,-82.3513
"2013005",200,0,0,0,0,0,0,0,0,0,0,0,0,41.441433,-82.3513
"2013005",225,0,0,0,0,0,0,0,0,0,0,0,0,41.441433,-82.3513
"2013005",250,0,0,0,0,0,0,0,0,0,0,0,0,41.441433,-82.3513
"2013005",275,0,0,0,0,0,0,0,0,0,0,0,0,41.441433,-82.3513
"2013005",300,0,0,0,0,0,0,0,0,0,0,0,0,41.441433,-82.3513
"2013005",325,0,0,0,0,0,0,0,0,0,0,0,0,41.441433,-82.3513
"2013005",350,0,0,0,0,0,0,0,0,0,0,0,0,41.441433,-82.3513
"2013005",375,0,0,0,0,0,0,0,0,0,0,0,0,41.441433,-82.3513
"2013005",400,0,0,0,0,0,0,0,0,0,0,0,0,41.441433,-82.3513
"2013005",425,0,0,0,0,3,0,0,0,0,0,0,0,41.441433,-82.3513
"2013005",450,0,0,0,1,1,0,0,0,0,0,0,0,41.441433,-82.3513
"2013005",475,0,0,0,1,1,0,0,0,0,1,0,0,41.441433,-82.3513
"2013005",500,0,0,0,0,1,0,0,0,0,0,0,0,41.441433,-82.3513
"2013005",525,0,0,0,0,0,0,4,0,0,0,0,0,41.441433,-82.3513
"2013005",550,0,0,0,0,0,0,2,0,0,0,0,0,41.441433,-82.3513
"2013005",575,0,0,0,0,0,1,0,1,0,0,0,0,41.441433,-82.3513
"2013005",600,0,0,0,0,0,1,0,1,2,0,0,0,41.441433,-82.3513
"2013005",625,0,0,0,0,0,0,0,0,0,0,0,0,41.441433,-82.3513
"2013005",650,0,0,0,0,0,0,0,0,1,0,0,0,41.441433,-82.3513
"2013005",675,0,0,0,0,0,0,0,0,1,0,0,0,41.441433,-82.3513
"2013005",700,0,0,0,0,0,0,0,0,1,0,0,0,41.441433,-82.3513
"2013005",725,0,0,0,0,0,0,0,0,0,0,0,0,41.441433,-82.3513
"2013005",750,0,0,0,0,0,0,0,0,0,0,0,0,41.441433,-82.3513
"2013005",775,0,0,0,0,0,0,0,0,0,0,0,0,41.441433,-82.3513
"2013006",175,0,0,0,0,0,0,0,0,0,0,0,0,41.543353,-82.4869
"2013006",200,0,0,0,0,0,0,0,0,0,0,0,0,41.543353,-82.4869
"2013006",225,0,0,0,0,0,0,0,0,0,0,0,0,41.543353,-82.4869
"2013006",250,0,0,0,0,0,0,0,0,0,0,0,0,41.543353,-82.4869
"2013006",275,0,0,0,0,0,0,0,0,0,0,0,0,41.543353,-82.4869
"2013006",300,0,0,0,0,0,0,0,0,0,0,0,0,41.543353,-82.4869
"2013006",325,0,0,0,0,0,0,0,0,0,0,0,0,41.543353,-82.4869
"2013006",350,0,0,0,0,0,0,0,0,0,0,0,0,41.543353,-82.4869
"2013006",375,0,0,0,0,0,0,0,0,0,0,0,0,41.543353,-82.4869
"2013006",400,0,0,0,0,0,0,0,0,0,0,0,0,41.543353,-82.4869
"2013006",425,0,0,0,0,0,0,0,0,0,0,0,0,41.543353,-82.4869
"2013006",450,0,0,0,0,1,0,0,0,0,0,0,0,41.543353,-82.4869
"2013006",475,0,0,0,1,1,3,0,0,0,0,0,0,41.543353,-82.4869
"2013006",500,0,0,0,0,0,0,0,0,0,0,0,0,41.543353,-82.4869
"2013006",525,0,0,0,0,1,0,0,0,0,0,0,0,41.543353,-82.4869
"2013006",550,0,0,0,0,0,0,1,0,0,0,0,0,41.543353,-82.4869
"2013006",575,0,0,0,0,0,0,0,1,0,0,0,0,41.543353,-82.4869
"2013006",600,0,0,0,0,0,0,0,0,0,0,0,0,41.543353,-82.4869
"2013006",625,0,0,0,0,0,0,0,1,0,0,0,0,41.543353,-82.4869
"2013006",650,0,0,0,0,0,0,0,0,0,0,0,0,41.543353,-82.4869
"2013006",675,0,0,0,0,0,0,0,0,0,0,0,0,41.543353,-82.4869
"2013006",700,0,0,0,0,0,0,0,0,0,1,0,0,41.543353,-82.4869
"2013006",725,0,0,0,0,0,0,0,0,0,0,0,0,41.543353,-82.4869
"2013006",750,0,0,0,0,0,0,0,0,0,0,0,0,41.543353,-82.4869
"2013006",775,0,0,0,0,0,0,0,0,0,0,0,0,41.543353,-82.4869
"2013007",175,0,0,0,0,0,0,0,0,0,0,0,0,41.412767,-82.522417
"2013007",200,0,0,0,0,0,0,0,0,0,0,0,0,41.412767,-82.522417
"2013007",225,0,0,0,0,0,0,0,0,0,0,0,0,41.412767,-82.522417
"2013007",250,0,0,0,0,0,0,0,0,0,0,0,0,41.412767,-82.522417
"2013007",275,0,0,0,0,0,0,0,0,0,0,0,0,41.412767,-82.522417
"2013007",300,0,0,0,0,0,0,0,0,0,0,0,0,41.412767,-82.522417
"2013007",325,0,0,0,0,0,0,0,0,0,0,0,0,41.412767,-82.522417
"2013007",350,0,0,0,0,0,0,0,0,0,0,0,0,41.412767,-82.522417
"2013007",375,0,0,0,0,0,0,0,0,0,0,0,0,41.412767,-82.522417
"2013007",400,0,0,0,1,1,0,0,0,0,0,0,0,41.412767,-82.522417
"2013007",425,0,0,0,0,2,0,0,0,0,0,0,0,41.412767,-82.522417
"2013007",450,0,0,0,0,2,0,0,0,0,0,0,0,41.412767,-82.522417
"2013007",475,0,0,0,0,2,2,0,0,0,0,0,0,41.412767,-82.522417
"2013007",500,0,0,0,1,1,0,0,0,0,0,0,0,41.412767,-82.522417
"2013007",525,0,0,0,0,1,1,0,1,1,0,1,0,41.412767,-82.522417
"2013007",550,0,0,0,1,0,1,0,0,0,0,1,0,41.412767,-82.522417
"2013007",575,0,0,0,0,0,0,0,1,0,0,0,0,41.412767,-82.522417
"2013007",600,0,0,0,0,0,0,1,1,0,0,0,0,41.412767,-82.522417
"2013007",625,0,0,0,0,0,0,0,2,0,0,0,0,41.412767,-82.522417
"2013007",650,0,0,0,0,0,1,0,0,1,0,2,0,41.412767,-82.522417
"2013007",675,0,0,0,0,0,0,0,0,1,1,0,0,41.412767,-82.522417
"2013007",700,0,0,0,0,0,0,0,0,1,1,0,0,41.412767,-82.522417
"2013007",725,0,0,0,0,0,0,0,0,0,0,0,0,41.412767,-82.522417
"2013007",750,0,0,0,0,0,0,0,0,0,1,0,0,41.412767,-82.522417
"2013007",775,0,0,0,0,0,0,0,0,0,0,0,0,41.412767,-82.522417
"2013008",175,0,0,0,0,0,0,0,0,0,0,0,0,41.9795,-82.606
"2013008",200,0,0,0,0,0,0,0,0,0,0,0,0,41.9795,-82.606
"2013008",225,0,0,0,0,0,0,0,0,0,0,0,0,41.9795,-82.606
"2013008",250,0,0,0,0,0,0,0,0,0,0,0,0,41.9795,-82.606
"2013008",275,0,0,0,0,0,0,0,0,0,0,0,0,41.9795,-82.606
"2013008",300,0,0,0,0,0,0,0,0,0,0,0,0,41.9795,-82.606
"2013008",325,0,0,0,0,0,0,0,0,0,0,0,0,41.9795,-82.606
"2013008",350,0,0,0,0,0,0,0,0,0,0,0,0,41.9795,-82.606
"2013008",375,0,0,0,0,0,0,0,0,0,0,0,0,41.9795,-82.606
"2013008",400,0,0,0,1,0,0,0,0,0,0,0,0,41.9795,-82.606
"2013008",425,0,0,0,2,2,0,0,0,0,0,0,0,41.9795,-82.606
"2013008",450,0,0,0,1,4,0,0,0,0,0,0,0,41.9795,-82.606
"2013008",475,0,0,0,0,0,0,0,0,0,0,0,0,41.9795,-82.606
"2013008",500,0,0,0,0,0,0,0,0,0,0,0,0,41.9795,-82.606
"2013008",525,0,0,0,0,0,2,0,0,0,0,0,0,41.9795,-82.606
"2013008",550,0,0,0,0,0,0,0,0,0,0,0,0,41.9795,-82.606
"2013008",575,0,0,0,0,0,0,0,0,0,0,0,0,41.9795,-82.606
"2013008",600,0,0,0,0,0,0,0,0,0,0,0,0,41.9795,-82.606
"2013008",625,0,0,0,0,0,0,0,0,0,0,0,0,41.9795,-82.606
"2013008",650,0,0,0,0,0,0,0,0,0,0,0,0,41.9795,-82.606
"2013008",675,0,0,0,0,0,0,0,0,0,0,0,0,41.9795,-82.606
"2013008",700,0,0,0,0,0,0,0,0,0,0,0,0,41.9795,-82.606
"2013008",725,0,0,0,0,0,0,0,0,0,0,0,0,41.9795,-82.606
"2013008",750,0,0,0,0,0,0,0,0,0,0,0,0,41.9795,-82.606
"2013008",775,0,0,0,0,0,0,0,0,0,0,0,0,41.9795,-82.606
"2013009",175,0,0,0,0,0,0,0,0,0,0,0,0,41.978,-82.77466667
"2013009",200,0,0,0,0,0,0,0,0,0,0,0,0,41.978,-82.77466667
"2013009",225,0,0,0,0,0,0,0,0,0,0,0,0,41.978,-82.77466667
"2013009",250,0,0,0,0,0,0,0,0,0,0,0,0,41.978,-82.77466667
"2013009",275,0,0,0,0,0,0,0,0,0,0,0,0,41.978,-82.77466667
"2013009",300,0,0,0,0,0,0,0,0,0,0,0,0,41.978,-82.77466667
"2013009",325,0,0,0,0,0,0,0,0,0,0,0,0,41.978,-82.77466667
"2013009",350,0,0,1,0,0,0,0,0,0,0,0,0,41.978,-82.77466667
"2013009",375,0,0,2,2,0,0,0,0,0,0,0,0,41.978,-82.77466667
"2013009",400,0,0,0,0,0,0,0,0,0,0,0,0,41.978,-82.77466667
"2013009",425,0,0,0,0,1,0,0,0,0,0,0,0,41.978,-82.77466667
"2013009",450,0,0,1,0,1,0,0,0,0,0,0,0,41.978,-82.77466667
"2013009",475,0,0,1,0,0,0,0,0,0,0,0,0,41.978,-82.77466667
"2013009",500,0,0,0,0,0,0,0,0,0,0,0,0,41.978,-82.77466667
"2013009",525,0,0,0,0,0,0,0,0,0,0,0,0,41.978,-82.77466667
"2013009",550,0,0,0,0,0,0,0,0,0,0,0,0,41.978,-82.77466667
"2013009",575,0,0,0,0,0,0,0,0,0,0,0,0,41.978,-82.77466667
"2013009",600,0,0,0,0,0,0,0,0,0,0,0,0,41.978,-82.77466667
"2013009",625,0,0,0,0,0,0,0,0,0,0,0,0,41.978,-82.77466667
"2013009",650,0,0,0,0,0,0,0,0,0,0,0,0,41.978,-82.77466667
"2013009",675,0,0,0,0,0,0,0,0,0,0,0,0,41.978,-82.77466667
"2013009",700,0,0,0,0,0,0,0,0,0,0,0,0,41.978,-82.77466667
"2013009",725,0,0,0,0,0,0,0,0,0,0,0,0,41.978,-82.77466667
"2013009",750,0,0,0,0,0,0,0,0,0,0,0,0,41.978,-82.77466667
"2013009",775,0,0,0,0,0,0,0,0,0,0,0,0,41.978,-82.77466667
"2013010",175,0,0,0,0,0,0,0,0,0,0,0,0,41.85566667,-82.772
"2013010",200,0,0,0,0,0,0,0,0,0,0,0,0,41.85566667,-82.772
"2013010",225,0,0,0,0,0,0,0,0,0,0,0,0,41.85566667,-82.772
"2013010",250,0,0,0,0,0,0,0,0,0,0,0,0,41.85566667,-82.772
"2013010",275,0,0,0,0,0,0,0,0,0,0,0,0,41.85566667,-82.772
"2013010",300,0,0,0,0,0,0,0,0,0,0,0,0,41.85566667,-82.772
"2013010",325,0,1,5,0,0,0,0,0,0,0,0,0,41.85566667,-82.772
"2013010",350,0,1,0,0,0,0,0,0,0,0,0,0,41.85566667,-82.772
"2013010",375,0,0,1,0,0,0,0,0,0,0,0,0,41.85566667,-82.772
"2013010",400,0,0,1,1,0,0,0,0,0,0,0,0,41.85566667,-82.772
"2013010",425,0,0,1,3,1,0,0,0,0,0,0,0,41.85566667,-82.772
"2013010",450,0,0,1,2,2,0,0,0,0,0,0,0,41.85566667,-82.772
"2013010",475,0,0,1,0,1,0,0,0,0,0,0,0,41.85566667,-82.772
"2013010",500,0,0,0,0,1,0,0,0,0,0,0,0,41.85566667,-82.772
"2013010",525,0,0,0,0,0,0,0,0,0,0,0,0,41.85566667,-82.772
"2013010",550,0,0,0,0,0,0,0,0,0,0,0,0,41.85566667,-82.772
"2013010",575,0,0,0,0,0,0,0,0,0,0,0,0,41.85566667,-82.772
"2013010",600,0,0,0,0,0,0,0,0,0,0,0,0,41.85566667,-82.772
"2013010",625,0,0,0,0,0,0,0,0,0,0,0,0,41.85566667,-82.772
"2013010",650,0,0,0,0,0,0,0,0,0,0,0,0,41.85566667,-82.772
"2013010",675,0,0,0,0,0,0,0,0,0,0,0,0,41.85566667,-82.772
"2013010",700,0,0,0,0,0,0,0,0,0,0,0,0,41.85566667,-82.772
"2013010",725,0,0,0,0,0,0,0,0,0,0,0,0,41.85566667,-82.772
"2013010",750,0,0,0,0,0,0,0,0,0,0,0,0,41.85566667,-82.772
"2013010",775,0,0,0,0,0,0,0,0,0,0,0,0,41.85566667,-82.772
"2013011",175,0,0,0,0,0,0,0,0,0,0,0,0,41.81216667,-82.56366667
"2013011",200,0,0,0,0,0,0,0,0,0,0,0,0,41.81216667,-82.56366667
"2013011",225,0,0,0,0,0,0,0,0,0,0,0,0,41.81216667,-82.56366667
"2013011",250,0,0,0,0,0,0,0,0,0,0,0,0,41.81216667,-82.56366667
"2013011",275,0,0,0,0,0,0,0,0,0,0,0,0,41.81216667,-82.56366667
"2013011",300,0,0,0,0,0,0,0,0,0,0,0,0,41.81216667,-82.56366667
"2013011",325,0,0,0,0,0,0,0,0,0,0,0,0,41.81216667,-82.56366667
"2013011",350,0,0,1,0,0,0,0,0,0,0,0,0,41.81216667,-82.56366667
"2013011",375,0,1,0,0,0,0,0,0,0,0,0,0,41.81216667,-82.56366667
"2013011",400,0,0,0,1,1,0,0,0,0,0,0,0,41.81216667,-82.56366667
"2013011",425,0,0,0,2,3,0,0,0,0,0,0,0,41.81216667,-82.56366667
"2013011",450,0,0,0,2,0,0,0,0,0,0,0,0,41.81216667,-82.56366667
"2013011",475,0,0,0,1,1,0,1,0,0,0,0,0,41.81216667,-82.56366667
"2013011",500,0,0,0,0,0,0,1,0,0,0,0,0,41.81216667,-82.56366667
"2013011",525,0,0,0,0,0,0,2,0,0,0,0,0,41.81216667,-82.56366667
"2013011",550,0,0,0,0,0,0,0,0,0,0,0,0,41.81216667,-82.56366667
"2013011",575,0,0,0,0,0,0,3,0,0,0,0,0,41.81216667,-82.56366667
"2013011",600,0,0,0,0,0,0,0,0,0,0,0,0,41.81216667,-82.56366667
"2013011",625,0,0,0,0,0,0,0,0,0,0,0,0,41.81216667,-82.56366667
"2013011",650,0,0,0,0,0,0,0,0,0,0,0,0,41.81216667,-82.56366667
"2013011",675,0,0,0,0,0,0,0,0,0,0,0,0,41.81216667,-82.56366667
"2013011",700,0,0,0,0,0,0,0,1,0,0,0,0,41.81216667,-82.56366667
"2013011",725,0,0,0,0,0,0,0,0,0,0,0,0,41.81216667,-82.56366667
"2013011",750,0,0,0,0,0,0,0,0,0,0,0,0,41.81216667,-82.56366667
"2013011",775,0,0,0,0,0,0,0,0,0,0,0,0,41.81216667,-82.56366667
"2013012",175,0,0,0,0,0,0,0,0,0,0,0,0,41.68683333,-82.428
"2013012",200,0,0,0,0,0,0,0,0,0,0,0,0,41.68683333,-82.428
"2013012",225,0,0,0,0,0,0,0,0,0,0,0,0,41.68683333,-82.428
"2013012",250,0,0,0,0,0,0,0,0,0,0,0,0,41.68683333,-82.428
"2013012",275,0,0,0,0,0,0,0,0,0,0,0,0,41.68683333,-82.428
"2013012",300,0,0,0,0,0,0,0,0,0,0,0,0,41.68683333,-82.428
"2013012",325,0,0,0,0,0,0,0,0,0,0,0,0,41.68683333,-82.428
"2013012",350,0,0,0,0,0,0,0,0,0,0,0,0,41.68683333,-82.428
"2013012",375,0,0,0,0,1,0,0,0,0,0,0,0,41.68683333,-82.428
"2013012",400,0,0,0,0,0,0,0,0,0,0,0,0,41.68683333,-82.428
"2013012",425,0,0,0,0,1,0,0,0,0,0,0,0,41.68683333,-82.428
"2013012",450,0,0,0,0,0,0,0,0,0,0,0,0,41.68683333,-82.428
"2013012",475,0,0,0,0,1,1,0,0,0,0,0,0,41.68683333,-82.428
"2013012",500,0,0,0,0,0,1,1,0,0,0,0,0,41.68683333,-82.428
"2013012",525,0,0,0,0,0,0,0,0,0,0,0,0,41.68683333,-82.428
"2013012",550,0,0,0,0,0,0,0,0,0,0,0,0,41.68683333,-82.428
"2013012",575,0,0,0,0,0,0,0,0,0,0,0,0,41.68683333,-82.428
"2013012",600,0,0,0,0,0,0,0,0,0,0,0,0,41.68683333,-82.428
"2013012",625,0,0,0,0,0,0,0,0,0,0,0,0,41.68683333,-82.428
"2013012",650,0,0,0,0,0,0,0,0,0,0,0,0,41.68683333,-82.428
"2013012",675,0,0,0,0,0,0,0,0,0,0,0,0,41.68683333,-82.428
"2013012",700,0,0,0,0,0,0,0,0,0,0,0,0,41.68683333,-82.428
"2013012",725,0,0,0,0,0,0,0,0,0,0,0,0,41.68683333,-82.428
"2013012",750,0,0,0,0,0,0,0,0,0,0,0,0,41.68683333,-82.428
"2013012",775,0,0,0,0,0,0,0,0,0,0,0,0,41.68683333,-82.428
"2013013",175,0,0,0,0,0,0,0,0,0,0,0,0,41.77533333,-82.27166667
"2013013",200,0,0,0,0,0,0,0,0,0,0,0,0,41.77533333,-82.27166667
"2013013",225,0,0,0,0,0,0,0,0,0,0,0,0,41.77533333,-82.27166667
"2013013",250,0,0,0,0,0,0,0,0,0,0,0,0,41.77533333,-82.27166667
"2013013",275,0,0,0,0,0,0,0,0,0,0,0,0,41.77533333,-82.27166667
"2013013",300,0,0,0,0,0,0,0,0,0,0,0,0,41.77533333,-82.27166667
"2013013",325,0,0,0,0,0,0,0,0,0,0,0,0,41.77533333,-82.27166667
"2013013",350,0,0,1,0,0,0,0,0,0,0,0,0,41.77533333,-82.27166667
"2013013",375,0,0,0,0,0,0,0,0,0,0,0,0,41.77533333,-82.27166667
"2013013",400,0,0,0,0,0,0,0,0,0,0,0,0,41.77533333,-82.27166667
"2013013",425,0,0,0,0,0,0,0,0,0,0,0,0,41.77533333,-82.27166667
"2013013",450,0,0,0,1,0,0,0,0,0,0,0,0,41.77533333,-82.27166667
"2013013",475,0,0,0,0,1,0,2,0,0,0,0,0,41.77533333,-82.27166667
"2013013",500,0,0,0,1,0,0,0,0,0,0,0,0,41.77533333,-82.27166667
"2013013",525,0,0,0,1,1,0,1,0,0,0,0,0,41.77533333,-82.27166667
"2013013",550,0,0,0,0,0,2,0,0,0,0,0,0,41.77533333,-82.27166667
"2013013",575,0,0,0,0,0,0,0,2,0,0,0,0,41.77533333,-82.27166667
"2013013",600,0,0,0,0,0,0,0,0,0,1,0,0,41.77533333,-82.27166667
"2013013",625,0,0,0,0,0,0,0,0,1,0,0,0,41.77533333,-82.27166667
"2013013",650,0,0,0,0,0,0,0,0,0,0,0,0,41.77533333,-82.27166667
"2013013",675,0,0,0,0,0,0,0,0,0,0,0,0,41.77533333,-82.27166667
"2013013",700,0,0,0,0,0,0,0,0,0,0,0,0,41.77533333,-82.27166667
"2013013",725,0,0,0,0,0,0,0,0,0,0,0,0,41.77533333,-82.27166667
"2013013",750,0,0,0,0,0,0,0,0,0,0,0,0,41.77533333,-82.27166667
"2013013",775,0,0,0,0,0,0,0,0,0,0,0,0,41.77533333,-82.27166667
"2013014",175,0,0,0,0,0,0,0,0,0,0,0,0,41.94216667,-82.35766667
"2013014",200,0,0,0,0,0,0,0,0,0,0,0,0,41.94216667,-82.35766667
"2013014",225,1,0,0,0,0,0,0,0,0,0,0,0,41.94216667,-82.35766667
"2013014",250,0,0,0,0,0,0,0,0,0,0,0,0,41.94216667,-82.35766667
"2013014",275,0,0,0,0,0,0,0,0,0,0,0,0,41.94216667,-82.35766667
"2013014",300,0,0,0,0,0,0,0,0,0,0,0,0,41.94216667,-82.35766667
"2013014",325,0,0,0,0,0,0,0,0,0,0,0,0,41.94216667,-82.35766667
"2013014",350,0,0,0,0,0,0,0,0,0,0,0,0,41.94216667,-82.35766667
"2013014",375,0,0,0,0,0,0,0,0,0,0,0,0,41.94216667,-82.35766667
"2013014",400,0,0,0,0,0,0,0,0,0,0,0,0,41.94216667,-82.35766667
"2013014",425,0,0,0,0,0,0,0,0,0,0,0,0,41.94216667,-82.35766667
"2013014",450,0,0,0,0,0,0,0,0,0,0,0,0,41.94216667,-82.35766667
"2013014",475,0,0,0,0,0,0,0,0,0,0,0,0,41.94216667,-82.35766667
"2013014",500,0,0,0,0,0,0,0,0,0,0,0,0,41.94216667,-82.35766667
"2013014",525,0,0,0,0,0,0,0,0,0,0,0,0,41.94216667,-82.35766667
"2013014",550,0,0,0,0,0,0,1,0,0,0,0,0,41.94216667,-82.35766667
"2013014",575,0,0,0,0,0,0,0,0,0,0,0,0,41.94216667,-82.35766667
"2013014",600,0,0,0,0,0,0,0,0,0,0,0,0,41.94216667,-82.35766667
"2013014",625,0,0,0,0,0,0,0,0,0,0,0,0,41.94216667,-82.35766667
"2013014",650,0,0,0,0,0,0,0,0,0,0,0,0,41.94216667,-82.35766667
"2013014",675,0,0,0,0,0,0,0,0,0,0,0,0,41.94216667,-82.35766667
"2013014",700,0,0,0,0,0,0,0,0,0,0,0,0,41.94216667,-82.35766667
"2013014",725,0,0,0,0,0,0,0,0,0,0,0,0,41.94216667,-82.35766667
"2013014",750,0,0,0,0,0,0,0,0,0,0,0,0,41.94216667,-82.35766667
"2013014",775,0,0,0,0,0,0,0,0,0,0,0,0,41.94216667,-82.35766667
