net_id,length_class,mesh_2,mesh_2.25,mesh_2.5,mesh_2.75_in,mesh_3,mesh_3.25,mesh_3.5,mesh_3.75,mesh_4,mesh_4.25,mesh_4.5,mesh_4.75,mesh_5,year,lon,lat
2007001,175,2,0,0,0,0,0,0,0,0,0,0,0,0,2007,376.2057395,4599.668402
2007001,200,0,0,0,0,0,0,0,0,0,0,0,0,0,2007,376.2057395,4599.668402
2007001,225,0,0,0,0,0,0,0,0,0,0,0,0,0,2007,376.2057395,4599.668402
2007001,250,1,0,0,0,0,0,0,0,0,0,0,0,0,2007,376.2057395,4599.668402
2007001,275,0,0,0,0,0,0,0,0,0,0,0,0,0,2007,376.2057395,4599.668402
2007001,300,1,0,0,0,0,0,0,0,0,0,0,0,0,2007,376.2057395,4599.668402
2007001,325,0,0,0,0,0,0,0,0,0,0,0,0,0,2007,376.2057395,4599.668402
2007001,350,0,0,1,0,0,0,0,0,0,0,0,0,0,2007,376.2057395,4599.668402
2007001,375,1,0,0,0,0,0,0,0,0,0,0,0,0,2007,376.2057395,4599.668402
2007001,400,0,0,0,1,0,0,3,0,0,0,0,0,0,2007,376.2057395,4599.668402
2007001,425,1,0,0,0,0,0,2,0,0,0,0,0,0,2007,376.2057395,4599.668402
2007001,450,0,0,0,0,2,3,1,1,3,0,0,0,0,2007,376.2057395,4599.668402
2007001,475,0,0,1,2,1,0,1,2,2,1,1,0,0,2007,376.2057395,4599.668402
2007001,500,0,0,1,0,0,0,1,2,1,3,0,0,1,2007,376.2057395,4599.668402
2007001,525,0,0,1,0,0,2,1,0,0,1,1,0,1,2007,376.2057395,4599.668402
2007001,550,0,0,0,0,0,0,0,1,1,0,0,0,0,2007,376.2057395,4599.668402
2007001,575,0,0,0,0,0,0,0,0,0,0,0,0,0,2007,376.2057395,4599.668402
2007001,600,0,0,0,0,0,0,0,0,0,0,0,0,0,2007,376.2057395,4599.668402
2007001,625,0,0,0,0,0,0,0,0,0,0,0,0,0,2007,376.2057395,4599.668402
2007001,650,0,0,0,0,0,0,0,0,0,0,0,0,0,2007,376.2057395,4599.668402
2007001,675,0,0,0,0,0,0,0,0,0,0,0,0,0,2007,376.2057395,4599.668402
2007001,700,0,0,0,0,0,0,0,0,0,0,0,0,0,2007,376.2057395,4599.668402
2007001,725,0,0,0,0,0,0,0,0,0,0,0,0,0,2007,376.2057395,4599.668402
2007002,175,0,0,0,0,0,0,0,0,0,0,0,0,0,2007,376.6476001,4585.956548
2007002,200,0,0,0,0,0,0,0,0,0,0,0,0,0,2007,376.6476001,4585.956548
2007002,225,0,0,0,0,0,0,0,0,0,0,0,0,0,2007,376.6476001,4585.956548
2007002,250,0,0,0,0,0,0,0,0,0,0,0,0,0,2007,376.6476001,4585.956548
2007002,275,0,0,0,0,0,0,0,0,0,0,0,0,0,2007,376.6476001,4585.956548
2007002,300,0,0,0,0,0,0,0,0,0,0,0,0,0,2007,376.6476001,4585.956548
2007002,325,0,0,0,0,0,0,0,0,0,0,0,0,0,2007,376.6476001,4585.956548
2007002,350,0,0,0,1,0,0,0,0,0,1,0,0,0,2007,376.6476001,4585.956548
2007002,375,2,2,1,2,1,2,1,0,0,0,0,0,0,2007,376.6476001,4585.956548
2007002,400,0,1,1,1,1,3,2,0,0,0,0,0,0,2007,376.6476001,4585.956548
2007002,425,0,1,1,2,1,0,1,1,3,0,0,0,0,2007,376.6476001,4585.956548
2007002,450,0,1,3,1,7,3,1,1,1,1,0,0,0,2007,376.6476001,4585.956548
2007002,475,0,1,1,1,0,1,2,4,2,1,2,2,0,2007,376.6476001,4585.956548
2007002,500,1,2,1,0,3,1,1,0,2,3,4,0,0,2007,376.6476001,4585.956548
2007002,525,0,0,0,1,0,0,1,0,0,2,1,1,0,2007,376.6476001,4585.956548
2007002,550,0,0,0,0,0,0,0,0,0,0,1,0,0,2007,376.6476001,4585.956548
2007002,575,0,0,0,0,0,0,1,0,0,0,0,0,0,2007,376.6476001,4585.956548
2007002,600,0,0,0,0,0,0,0,0,0,0,0,0,0,2007,376.6476001,4585.956548
2007002,625,0,0,0,0,0,0,0,0,0,0,0,0,0,2007,376.6476001,4585.956548
2007002,650,0,0,0,0,0,0,0,0,0,0,0,0,0,2007,376.6476001,4585.956548
2007002,675,0,0,0,0,0,0,0,0,0,0,0,0,0,2007,376.6476001,4585.956548
2007002,700,0,0,0,0,0,0,0,0,0,0,0,0,0,2007,376.6476001,4585.956548
2007002,725,0,0,0,0,0,0,0,0,0,0,0,0,0,2007,376.6476001,4585.956548
2007003,175,0,0,0,0,0,0,0,0,0,0,0,0,0,2007,374.6828453,4586.912067
2007003,200,0,0,0,0,0,0,0,0,0,0,0,0,0,2007,374.6828453,4586.912067
2007003,225,0,0,0,0,0,0,0,0,0,0,0,0,0,2007,374.6828453,4586.912067
2007003,250,0,0,0,0,0,0,0,0,0,0,0,0,0,2007,374.6828453,4586.912067
2007003,275,0,0,0,0,0,0,0,0,0,0,0,0,0,2007,374.6828453,4586.912067
2007003,300,0,0,0,0,0,0,0,0,0,0,0,0,0,2007,374.6828453,4586.912067
2007003,325,0,0,1,0,0,0,0,0,0,0,0,0,0,2007,374.6828453,4586.912067
2007003,350,0,0,0,0,0,0,0,0,0,0,0,0,0,2007,374.6828453,4586.912067
2007003,375,1,0,1,0,0,0,0,0,0,0,0,0,0,2007,374.6828453,4586.912067
2007003,400,0,0,0,1,1,1,0,0,0,0,0,0,1,2007,374.6828453,4586.912067
2007003,425,1,0,1,0,0,1,0,0,0,0,0,0,0,2007,374.6828453,4586.912067
2007003,450,1,0,0,0,2,2,1,0,0,0,1,0,0,2007,374.6828453,4586.912067
2007003,475,0,0,0,1,0,1,0,1,0,3,0,0,0,2007,374.6828453,4586.912067
2007003,500,0,0,0,0,0,1,0,1,1,0,1,1,1,2007,374.6828453,4586.912067
2007003,525,0,0,0,0,1,1,0,1,2,0,0,0,0,2007,374.6828453,4586.912067
2007003,550,0,0,0,1,0,0,0,1,0,0,2,0,0,2007,374.6828453,4586.912067
2007003,575,0,0,0,0,1,0,0,0,0,1,0,1,0,2007,374.6828453,4586.912067
2007003,600,0,0,0,0,0,0,0,0,0,0,0,0,0,2007,374.6828453,4586.912067
2007003,625,0,0,0,0,0,0,0,0,0,0,0,0,0,2007,374.6828453,4586.912067
2007003,650,0,0,0,0,0,0,0,0,0,0,0,0,0,2007,374.6828453,4586.912067
2007003,675,0,0,0,0,0,0,0,0,0,0,0,0,0,2007,374.6828453,4586.912067
2007003,700,0,0,0,0,0,0,0,0,0,0,0,0,0,2007,374.6828453,4586.912067
2007003,725,0,0,0,0,0,0,0,0,0,0,0,0,0,2007,374.6828453,4586.912067
2007004,175,0,0,0,0,0,0,0,0,0,0,0,0,0,2007,376.2057395,4599.668402
2007004,200,0,0,0,0,0,0,0,0,0,0,0,0,0,2007,376.2057395,4599.668402
2007004,225,0,0,0,0,0,0,0,0,0,0,0,0,0,2007,376.2057395,4599.668402
2007004,250,0,0,0,0,0,0,0,0,0,0,0,0,0,2007,376.2057395,4599.668402
2007004,275,0,0,0,0,0,0,0,0,0,0,0,0,0,2007,376.2057395,4599.668402
2007004,300,0,0,0,0,0,0,0,0,0,0,0,0,0,2007,376.2057395,4599.668402
2007004,325,0,0,0,0,0,0,0,0,0,0,0,0,0,2007,376.2057395,4599.668402
2007004,350,1,0,0,0,0,0,0,0,0,0,0,0,0,2007,376.2057395,4599.668402
2007004,375,0,0,0,1,1,1,0,0,0,0,0,0,0,2007,376.2057395,4599.668402
2007004,400,1,2,0,0,4,1,0,0,0,0,0,0,0,2007,376.2057395,4599.668402
2007004,425,0,0,0,1,0,3,0,0,0,1,0,0,0,2007,376.2057395,4599.668402
2007004,450,1,1,0,2,1,6,2,2,4,1,1,0,0,2007,376.2057395,4599.668402
2007004,475,0,1,2,2,9,3,1,3,6,3,1,0,1,2007,376.2057395,4599.668402
2007004,500,0,0,0,0,2,2,1,3,2,0,0,2,1,2007,376.2057395,4599.668402
2007004,525,0,1,0,1,2,3,0,1,2,1,0,2,0,2007,376.2057395,4599.668402
2007004,550,0,0,0,1,1,2,0,3,2,0,5,2,2,2007,376.2057395,4599.668402
2007004,575,0,0,0,0,1,0,0,1,0,1,1,0,2,2007,376.2057395,4599.668402
2007004,600,0,0,0,0,0,0,0,0,1,0,0,0,1,2007,376.2057395,4599.668402
2007004,625,0,0,0,0,0,0,0,0,0,0,1,0,0,2007,376.2057395,4599.668402
2007004,650,0,0,0,0,0,0,0,0,0,0,0,0,0,2007,376.2057395,4599.668402
2007004,675,0,0,0,0,0,0,0,0,0,0,0,0,0,2007,376.2057395,4599.668402
2007004,700,0,0,0,0,0,0,0,0,0,0,0,0,0,2007,376.2057395,4599.668402
2007004,725,0,0,0,0,0,0,0,0,0,0,0,0,0,2007,376.2057395,4599.668402
2007005,175,0,0,0,0,0,0,0,0,0,0,0,0,0,2007,374.3195769,4583.320164
2007005,200,0,0,0,0,0,0,0,0,0,0,0,0,0,2007,374.3195769,4583.320164
2007005,225,0,0,0,0,0,0,0,0,0,0,0,0,0,2007,374.3195769,4583.320164
2007005,250,0,0,0,0,0,0,0,0,0,0,0,0,0,2007,374.3195769,4583.320164
2007005,275,2,0,0,0,0,0,1,0,0,0,0,0,0,2007,374.3195769,4583.320164
2007005,300,0,0,2,0,0,0,0,0,0,0,0,0,0,2007,374.3195769,4583.320164
2007005,325,0,0,0,0,0,0,0,0,0,0,0,0,0,2007,374.3195769,4583.320164
2007005,350,0,0,0,0,0,0,0,0,0,0,0,0,0,2007,374.3195769,4583.320164
2007005,375,1,0,1,0,2,1,1,0,0,0,0,0,0,2007,374.3195769,4583.320164
2007005,400,0,1,2,2,0,1,2,0,0,0,0,0,0,2007,374.3195769,4583.320164
2007005,425,0,0,1,0,1,1,0,3,0,0,0,0,0,2007,374.3195769,4583.320164
2007005,450,1,0,2,0,1,1,5,3,3,3,0,0,0,2007,374.3195769,4583.320164
2007005,475,1,1,0,4,0,1,5,3,3,5,1,1,1,2007,374.3195769,4583.320164
2007005,500,0,0,0,0,2,6,1,2,5,2,3,6,2,2007,374.3195769,4583.320164
2007005,525,0,0,0,0,0,1,0,0,1,5,2,2,0,2007,374.3195769,4583.320164
2007005,550,0,0,0,0,3,0,0,1,1,0,1,4,6,2007,374.3195769,4583.320164
2007005,575,0,0,0,0,0,0,0,1,1,1,2,1,2,2007,374.3195769,4583.320164
2007005,600,0,0,0,0,0,0,0,1,0,1,0,1,0,2007,374.3195769,4583.320164
2007005,625,0,0,0,0,0,0,0,0,0,0,0,0,0,2007,374.3195769,4583.320164
2007005,650,0,0,0,0,0,0,0,0,0,1,0,0,0,2007,374.3195769,4583.320164
2007005,675,0,0,0,0,0,0,0,0,1,0,0,0,0,2007,374.3195769,4583.320164
2007005,700,0,0,0,0,0,0,0,0,0,0,0,0,0,2007,374.3195769,4583.320164
2007005,725,0,0,0,0,0,0,0,0,0,0,0,0,0,2007,374.3195769,4583.320164
2007006,175,0,0,0,0,0,0,0,0,0,0,0,0,0,2007,368.0539829,4588.740256
2007006,200,0,0,0,0,0,0,0,0,0,0,0,0,0,2007,368.0539829,4588.740256
2007006,225,0,0,0,0,0,0,0,0,0,0,0,0,0,2007,368.0539829,4588.740256
2007006,250,0,0,0,0,0,0,0,0,0,0,0,0,0,2007,368.0539829,4588.740256
2007006,275,0,0,0,0,0,0,0,0,0,0,0,0,0,2007,368.0539829,4588.740256
2007006,300,0,0,0,0,0,0,0,0,0,0,0,0,0,2007,368.0539829,4588.740256
2007006,325,0,0,0,0,0,0,0,0,0,0,0,0,0,2007,368.0539829,4588.740256
2007006,350,0,0,0,0,0,0,0,0,0,0,0,0,0,2007,368.0539829,4588.740256
2007006,375,0,0,0,0,0,0,0,0,0,0,0,0,0,2007,368.0539829,4588.740256
2007006,400,0,0,0,0,0,0,0,0,0,0,0,0,0,2007,368.0539829,4588.740256
2007006,425,0,0,0,0,0,0,0,0,0,0,0,0,0,2007,368.0539829,4588.740256
2007006,450,0,0,0,0,0,0,0,0,0,0,0,0,0,2007,368.0539829,4588.740256
2007006,475,0,0,0,1,1,0,0,0,0,0,0,0,0,2007,368.0539829,4588.740256
2007006,500,0,0,0,0,0,0,0,1,0,0,0,0,0,2007,368.0539829,4588.740256
2007006,525,0,1,0,0,0,0,0,1,0,0,0,0,0,2007,368.0539829,4588.740256
2007006,550,0,0,0,0,1,0,0,0,0,0,0,0,0,2007,368.0539829,4588.740256
2007006,575,0,0,0,0,0,0,0,0,0,0,0,0,0,2007,368.0539829,4588.740256
2007006,600,0,0,0,0,0,0,0,0,0,0,0,0,0,2007,368.0539829,4588.740256
2007006,625,0,0,0,0,0,0,1,0,0,0,0,0,0,2007,368.0539829,4588.740256
2007006,650,0,0,0,0,0,0,0,0,0,0,0,0,0,2007,368.0539829,4588.740256
2007006,675,0,0,0,0,0,0,0,0,0,0,0,0,0,2007,368.0539829,4588.740256
2007006,700,0,0,0,0,0,0,0,0,0,0,0,0,0,2007,368.0539829,4588.740256
2007006,725,0,0,0,0,0,0,0,0,0,0,0,0,0,2007,368.0539829,4588.740256
2007007,175,0,0,0,0,0,0,0,0,0,0,0,0,0,2007,371.9073409,4587.838032
2007007,200,0,0,0,0,0,0,0,0,0,0,0,0,0,2007,371.9073409,4587.838032
2007007,225,0,0,0,0,0,0,0,0,0,0,0,0,0,2007,371.9073409,4587.838032
2007007,250,0,0,0,0,0,0,0,0,0,0,0,0,0,2007,371.9073409,4587.838032
2007007,275,0,0,0,0,0,0,0,0,0,0,0,0,0,2007,371.9073409,4587.838032
2007007,300,0,0,0,0,0,0,0,0,0,0,0,0,0,2007,371.9073409,4587.838032
2007007,325,0,0,0,0,0,0,0,0,0,0,0,0,0,2007,371.9073409,4587.838032
2007007,350,0,0,0,0,0,0,0,0,0,0,0,0,0,2007,371.9073409,4587.838032
2007007,375,0,0,1,0,1,0,0,0,0,0,0,0,0,2007,371.9073409,4587.838032
2007007,400,0,0,0,0,0,0,0,0,0,0,0,0,0,2007,371.9073409,4587.838032
2007007,425,0,0,0,1,1,0,0,0,0,0,0,0,0,2007,371.9073409,4587.838032
2007007,450,0,0,0,0,1,0,0,0,0,0,0,0,0,2007,371.9073409,4587.838032
2007007,475,0,0,0,0,0,0,0,0,0,0,0,1,0,2007,371.9073409,4587.838032
2007007,500,0,0,0,0,1,0,0,0,2,0,0,0,0,2007,371.9073409,4587.838032
2007007,525,0,0,0,0,0,0,0,0,0,1,1,0,0,2007,371.9073409,4587.838032
2007007,550,0,0,0,0,0,0,0,0,0,0,1,0,0,2007,371.9073409,4587.838032
2007007,575,0,0,0,0,0,0,0,0,0,0,0,0,0,2007,371.9073409,4587.838032
2007007,600,0,0,0,0,0,0,0,0,0,0,0,0,0,2007,371.9073409,4587.838032
2007007,625,0,0,0,0,0,0,0,0,0,0,0,0,0,2007,371.9073409,4587.838032
2007007,650,0,0,0,0,0,0,0,0,0,0,0,0,0,2007,371.9073409,4587.838032
2007007,675,0,0,0,0,0,0,0,0,2,0,0,0,0,2007,371.9073409,4587.838032
2007007,700,0,0,0,0,0,0,0,0,0,0,0,0,0,2007,371.9073409,4587.838032
2007007,725,0,0,0,0,0,0,0,0,0,0,0,0,0,2007,371.9073409,4587.838032
2007008,175,0,0,0,0,0,0,0,0,0,0,0,0,0,2007,386.1515099,4600.725962
2007008,200,0,0,0,0,0,0,0,0,0,0,0,0,0,2007,386.1515099,4600.725962
2007008,225,0,0,0,0,0,0,0,0,0,0,0,0,0,2007,386.1515099,4600.725962
2007008,250,0,0,0,0,0,0,0,0,0,0,0,0,0,2007,386.1515099,4600.725962
2007008,275,0,0,0,0,0,0,0,0,0,0,0,0,0,2007,386.1515099,4600.725962
2007008,300,0,0,0,0,0,0,0,0,0,0,0,0,0,2007,386.1515099,4600.725962
2007008,325,0,0,0,0,0,0,0,0,0,0,0,0,0,2007,386.1515099,4600.725962
2007008,350,0,0,0,0,2,0,0,0,0,0,0,0,0,2007,386.1515099,4600.725962
2007008,375,2,4,1,2,3,0,0,1,0,0,0,0,0,2007,386.1515099,4600.725962
2007008,400,0,2,2,4,3,2,1,1,0,0,0,0,0,2007,386.1515099,4600.725962
2007008,425,0,1,0,1,1,5,1,0,3,1,0,0,0,2007,386.1515099,4600.725962
2007008,450,1,4,3,4,3,0,2,1,3,2,1,0,0,2007,386.1515099,4600.725962
2007008,475,1,2,1,7,4,7,4,2,7,4,0,2,2,2007,386.1515099,4600.725962
2007008,500,1,0,1,4,5,7,1,3,3,7,7,2,3,2007,386.1515099,4600.725962
2007008,525,0,0,0,2,0,6,1,2,2,2,3,3,2,2007,386.1515099,4600.725962
2007008,550,2,0,0,1,2,2,2,1,0,4,3,3,1,2007,386.1515099,4600.725962
2007008,575,0,0,0,0,0,1,1,0,0,0,2,2,2,2007,386.1515099,4600.725962
2007008,600,0,0,0,0,0,0,0,0,0,0,0,1,0,2007,386.1515099,4600.725962
2007008,625,0,0,0,0,0,1,0,0,0,0,1,0,0,2007,386.1515099,4600.725962
2007008,650,0,0,0,0,0,0,0,0,0,0,0,0,0,2007,386.1515099,4600.725962
2007008,675,0,0,0,0,0,0,0,0,0,0,0,0,0,2007,386.1515099,4600.725962
2007008,700,0,0,0,0,0,0,0,0,0,0,0,2,0,2007,386.1515099,4600.725962
2007008,725,0,0,0,0,0,0,1,0,0,0,0,0,0,2007,386.1515099,4600.725962
2007009,175,0,0,0,0,0,0,0,0,0,0,0,0,0,2007,376.2057395,4599.668402
2007009,200,0,0,0,0,0,0,0,0,0,0,0,0,0,2007,376.2057395,4599.668402
2007009,225,1,0,0,0,0,0,0,0,0,0,0,0,0,2007,376.2057395,4599.668402
2007009,250,0,0,0,0,0,0,0,0,0,0,0,0,0,2007,376.2057395,4599.668402
2007009,275,0,0,0,0,0,0,0,0,0,0,0,0,0,2007,376.2057395,4599.668402
2007009,300,0,0,0,0,0,0,0,0,0,0,0,0,0,2007,376.2057395,4599.668402
2007009,325,0,0,0,0,0,0,0,0,0,0,0,0,0,2007,376.2057395,4599.668402
2007009,350,0,0,0,0,0,0,0,0,0,0,0,0,0,2007,376.2057395,4599.668402
2007009,375,0,0,1,3,1,3,0,0,0,0,0,0,0,2007,376.2057395,4599.668402
2007009,400,0,0,0,1,1,2,0,0,0,0,0,0,0,2007,376.2057395,4599.668402
2007009,425,0,1,0,0,0,0,1,0,1,1,0,0,0,2007,376.2057395,4599.668402
2007009,450,0,0,0,0,0,0,2,1,0,1,0,0,0,2007,376.2057395,4599.668402
2007009,475,0,0,0,3,4,0,2,1,8,4,3,1,2,2007,376.2057395,4599.668402
2007009,500,0,0,0,1,4,1,1,2,4,5,3,1,0,2007,376.2057395,4599.668402
2007009,525,0,0,0,0,1,0,2,0,2,3,0,0,0,2007,376.2057395,4599.668402
2007009,550,0,0,0,0,0,0,0,0,0,1,0,1,0,2007,376.2057395,4599.668402
2007009,575,0,0,0,0,0,0,0,0,0,0,0,0,0,2007,376.2057395,4599.668402
2007009,600,0,0,0,0,0,0,0,0,0,0,0,0,0,2007,376.2057395,4599.668402
2007009,625,0,0,0,0,0,0,0,0,0,0,0,0,0,2007,376.2057395,4599.668402
2007009,650,0,0,0,0,0,0,0,0,0,0,0,0,0,2007,376.2057395,4599.668402
2007009,675,0,0,0,0,0,0,0,0,0,0,0,0,0,2007,376.2057395,4599.668402
2007009,700,0,0,0,0,0,0,0,0,0,0,0,0,0,2007,376.2057395,4599.668402
2007009,725,0,0,0,0,0,0,0,0,0,0,0,0,0,2007,376.2057395,4599.668402
2007011,175,0,0,0,0,0,0,0,0,0,0,0,0,0,2007,370.7212041,4589.747133
2007011,200,0,0,0,0,0,0,0,0,0,0,0,0,0,2007,370.7212041,4589.747133
2007011,225,0,0,0,0,0,0,0,0,0,0,0,0,0,2007,370.7212041,4589.747133
2007011,250,0,1,0,0,0,0,0,0,0,0,0,0,0,2007,370.7212041,4589.747133
2007011,275,1,0,0,0,0,0,0,0,0,0,0,0,0,2007,370.7212041,4589.747133
2007011,300,0,0,0,0,0,0,0,0,0,0,0,0,0,2007,370.7212041,4589.747133
2007011,325,0,0,0,0,0,0,0,0,0,0,0,0,0,2007,370.7212041,4589.747133
2007011,350,0,0,0,0,0,1,0,0,0,0,0,0,0,2007,370.7212041,4589.747133
2007011,375,2,6,0,2,2,2,1,0,0,0,0,0,0,2007,370.7212041,4589.747133
2007011,400,2,4,0,1,6,3,0,3,0,0,0,1,0,2007,370.7212041,4589.747133
2007011,425,0,5,0,3,3,0,2,1,0,0,0,0,0,2007,370.7212041,4589.747133
2007011,450,0,4,0,5,2,2,2,3,2,5,0,0,0,2007,370.7212041,4589.747133
2007011,475,0,4,0,9,3,8,7,5,5,8,2,1,1,2007,370.7212041,4589.747133
2007011,500,2,0,0,8,1,2,5,4,6,7,5,3,4,2007,370.7212041,4589.747133
2007011,525,0,1,0,1,0,1,2,1,2,4,4,5,3,2007,370.7212041,4589.747133
2007011,550,0,0,0,1,0,2,1,0,1,2,1,3,4,2007,370.7212041,4589.747133
2007011,575,0,0,0,0,1,0,1,0,0,0,0,1,0,2007,370.7212041,4589.747133
2007011,600,0,0,0,0,0,0,0,0,0,0,0,0,0,2007,370.7212041,4589.747133
2007011,625,0,0,0,0,0,0,0,0,0,0,0,0,0,2007,370.7212041,4589.747133
2007011,650,0,0,0,0,0,0,0,0,0,0,0,0,0,2007,370.7212041,4589.747133
2007011,675,0,0,0,0,0,0,0,0,0,0,0,0,0,2007,370.7212041,4589.747133
2007011,700,0,0,0,0,0,0,0,0,0,0,0,0,0,2007,370.7212041,4589.747133
2007011,725,0,0,0,0,0,0,0,0,0,0,0,0,0,2007,370.7212041,4589.747133
2007012,175,0,0,0,0,0,0,0,0,0,0,0,0,0,2007,368.0505398,4588.734765
2007012,200,0,0,0,0,0,0,0,0,0,0,0,0,0,2007,368.0505398,4588.734765
2007012,225,0,0,0,0,0,0,0,0,0,0,0,0,0,2007,368.0505398,4588.734765
2007012,250,0,0,0,0,0,0,0,0,0,0,0,0,0,2007,368.0505398,4588.734765
2007012,275,0,0,0,0,0,0,0,0,0,0,0,0,0,2007,368.0505398,4588.734765
2007012,300,0,0,0,0,0,0,0,0,0,0,0,0,0,2007,368.0505398,4588.734765
2007012,325,0,0,0,0,0,0,0,0,0,0,0,0,0,2007,368.0505398,4588.734765
2007012,350,1,0,0,0,0,1,0,0,0,0,0,0,0,2007,368.0505398,4588.734765
2007012,375,0,0,6,0,1,0,1,0,0,0,0,0,0,2007,368.0505398,4588.734765
2007012,400,0,0,2,0,1,2,2,0,0,0,0,0,0,2007,368.0505398,4588.734765
2007012,425,1,0,0,1,2,3,2,0,0,1,0,0,0,2007,368.0505398,4588.734765
2007012,450,0,1,1,1,0,2,5,4,0,4,1,0,0,2007,368.0505398,4588.734765
2007012,475,1,0,0,3,2,2,7,9,3,4,5,3,1,2007,368.0505398,4588.734765
2007012,500,0,0,2,2,1,1,2,7,6,3,6,1,8,2007,368.0505398,4588.734765
2007012,525,1,0,0,0,0,3,1,5,4,6,2,10,3,2007,368.0505398,4588.734765
2007012,550,0,0,0,0,1,3,3,4,2,1,6,4,4,2007,368.0505398,4588.734765
2007012,575,0,0,0,1,0,0,1,5,3,2,2,1,2,2007,368.0505398,4588.734765
2007012,600,0,0,0,0,0,0,0,0,2,0,0,0,0,2007,368.0505398,4588.734765
2007012,625,0,0,0,0,0,0,0,0,0,0,0,0,0,2007,368.0505398,4588.734765
2007012,650,0,0,0,0,0,0,0,0,1,1,0,0,0,2007,368.0505398,4588.734765
2007012,675,0,0,0,0,0,0,0,0,1,0,0,0,0,2007,368.0505398,4588.734765
2007012,700,0,0,0,0,0,0,0,0,0,0,0,0,0,2007,368.0505398,4588.734765
2007012,725,0,0,0,0,0,0,0,0,0,0,0,0,0,2007,368.0505398,4588.734765
2007013,175,0,0,0,0,0,0,0,0,0,0,0,0,0,2007,371.9115186,4587.837958
2007013,200,0,0,0,0,0,0,0,0,0,0,0,0,0,2007,371.9115186,4587.837958
2007013,225,0,0,0,0,0,0,0,0,0,0,0,0,0,2007,371.9115186,4587.837958
2007013,250,0,0,0,0,0,0,0,0,0,0,0,0,0,2007,371.9115186,4587.837958
2007013,275,0,0,0,0,0,0,0,0,0,0,0,0,0,2007,371.9115186,4587.837958
2007013,300,0,0,0,0,0,0,0,0,0,0,0,0,0,2007,371.9115186,4587.837958
2007013,325,0,0,0,0,0,0,0,0,0,0,0,0,0,2007,371.9115186,4587.837958
2007013,350,0,0,0,0,0,0,0,0,0,0,0,0,0,2007,371.9115186,4587.837958
2007013,375,0,0,1,0,0,1,1,1,0,0,0,0,0,2007,371.9115186,4587.837958
2007013,400,0,0,0,1,2,2,3,0,0,0,0,0,0,2007,371.9115186,4587.837958
2007013,425,1,0,0,1,3,1,2,2,0,0,1,0,0,2007,371.9115186,4587.837958
2007013,450,0,0,1,2,0,2,4,5,3,2,1,1,0,2007,371.9115186,4587.837958
2007013,475,0,4,1,9,2,4,3,6,5,5,9,3,4,2007,371.9115186,4587.837958
2007013,500,1,1,0,2,2,4,4,7,4,9,7,5,8,2007,371.9115186,4587.837958
2007013,525,0,0,0,1,2,3,3,1,1,2,8,6,5,2007,371.9115186,4587.837958
2007013,550,0,0,1,0,0,3,3,3,0,2,5,7,4,2007,371.9115186,4587.837958
2007013,575,0,1,0,0,0,2,1,2,0,3,1,0,1,2007,371.9115186,4587.837958
2007013,600,0,0,0,1,0,0,0,0,1,0,2,1,2,2007,371.9115186,4587.837958
2007013,625,0,0,0,0,0,0,0,0,2,0,1,1,0,2007,371.9115186,4587.837958
2007013,650,0,0,0,0,0,0,0,0,0,0,0,0,0,2007,371.9115186,4587.837958
2007013,675,0,0,0,0,0,0,0,0,0,0,0,0,0,2007,371.9115186,4587.837958
2007013,700,0,0,0,0,0,0,0,0,0,0,0,0,0,2007,371.9115186,4587.837958
2007013,725,0,0,0,0,0,0,0,0,0,0,0,0,0,2007,371.9115186,4587.837958
2008014,175,0,0,0,0,0,0,0,0,0,0,0,0,0,2008,372.9961522,4585.586589
2008014,200,0,0,0,0,0,0,0,0,0,0,0,0,0,2008,372.9961522,4585.586589
2008014,225,0,0,0,0,0,0,0,0,0,0,0,0,0,2008,372.9961522,4585.586589
2008014,250,0,0,0,0,0,0,0,0,0,0,0,0,0,2008,372.9961522,4585.586589
2008014,275,0,0,0,0,0,0,0,0,0,0,0,0,0,2008,372.9961522,4585.586589
2008014,300,0,0,0,0,0,0,0,0,0,0,0,0,0,2008,372.9961522,4585.586589
2008014,325,0,0,2,1,1,0,0,0,0,0,0,0,0,2008,372.9961522,4585.586589
2008014,350,0,2,2,2,2,1,0,0,0,0,0,0,0,2008,372.9961522,4585.586589
2008014,375,0,1,2,3,2,2,0,0,0,0,0,0,0,2008,372.9961522,4585.586589
2008014,400,0,0,1,0,0,0,0,0,0,0,0,0,0,2008,372.9961522,4585.586589
2008014,425,0,0,1,0,0,0,1,0,0,0,0,0,0,2008,372.9961522,4585.586589
2008014,450,0,0,0,0,0,1,1,0,0,0,0,0,0,2008,372.9961522,4585.586589
2008014,475,0,0,0,0,0,0,3,0,0,0,0,1,0,2008,372.9961522,4585.586589
2008014,500,0,0,0,0,0,0,0,0,1,2,0,0,0,2008,372.9961522,4585.586589
2008014,525,1,0,0,0,0,0,0,0,0,0,0,1,2,2008,372.9961522,4585.586589
2008014,550,0,0,0,0,1,0,0,0,0,0,0,0,0,2008,372.9961522,4585.586589
2008014,575,0,0,0,0,0,0,0,0,0,0,0,0,0,2008,372.9961522,4585.586589
2008014,600,0,0,0,0,0,1,0,0,0,0,0,0,0,2008,372.9961522,4585.586589
2008014,625,0,0,0,0,0,0,0,0,0,0,0,0,0,2008,372.9961522,4585.586589
2008014,650,0,0,0,0,0,0,0,0,0,0,0,0,0,2008,372.9961522,4585.586589
2008014,675,0,0,0,0,0,0,0,0,0,0,0,0,0,2008,372.9961522,4585.586589
2008014,700,0,0,0,0,0,0,0,0,0,0,0,0,0,2008,372.9961522,4585.586589
2008014,725,0,0,0,0,0,0,0,0,0,0,0,0,0,2008,372.9961522,4585.586589
2008015,175,0,0,0,0,0,0,0,0,0,0,0,0,0,2008,372.9961522,4585.586589
2008015,200,0,0,0,0,0,0,0,0,0,0,0,0,0,2008,372.9961522,4585.586589
2008015,225,0,0,0,0,0,0,0,0,0,0,0,0,0,2008,372.9961522,4585.586589
2008015,250,0,0,0,0,0,0,0,0,0,0,0,0,0,2008,372.9961522,4585.586589
2008015,275,0,0,0,0,0,0,0,0,0,0,0,0,0,2008,372.9961522,4585.586589
2008015,300,0,0,0,0,0,0,0,0,0,0,0,0,0,2008,372.9961522,4585.586589
2008015,325,1,0,0,3,0,1,0,0,0,0,0,0,0,2008,372.9961522,4585.586589
2008015,350,3,1,2,3,0,2,1,0,0,0,0,0,0,2008,372.9961522,4585.586589
2008015,375,8,2,1,1,0,4,4,0,0,0,0,0,0,2008,372.9961522,4585.586589
2008015,400,1,1,0,3,0,0,0,0,0,0,0,0,0,2008,372.9961522,4585.586589
2008015,425,1,0,0,0,0,0,3,0,2,0,0,0,0,2008,372.9961522,4585.586589
2008015,450,0,1,0,2,0,1,0,0,1,1,0,0,0,2008,372.9961522,4585.586589
2008015,475,2,1,1,0,0,4,4,3,2,3,0,0,0,2008,372.9961522,4585.586589
2008015,500,2,0,0,1,0,3,3,1,2,8,1,0,1,2008,372.9961522,4585.586589
2008015,525,0,0,0,0,0,2,0,0,3,1,0,1,2,2008,372.9961522,4585.586589
2008015,550,1,0,0,0,0,1,1,0,0,2,0,1,1,2008,372.9961522,4585.586589
2008015,575,0,0,0,0,0,1,0,0,1,1,0,0,0,2008,372.9961522,4585.586589
2008015,600,0,0,0,0,0,0,1,0,1,0,1,0,0,2008,372.9961522,4585.586589
2008015,625,0,0,0,0,0,0,0,0,0,0,0,0,0,2008,372.9961522,4585.586589
2008015,650,0,0,0,0,0,0,0,0,0,0,0,0,0,2008,372.9961522,4585.586589
2008015,675,0,0,0,0,0,0,0,0,0,0,0,0,0,2008,372.9961522,4585.586589
2008015,700,0,0,0,0,0,0,0,0,0,0,0,0,0,2008,372.9961522,4585.586589
2008015,725,0,0,0,0,0,0,0,0,0,0,0,0,0,2008,372.9961522,4585.586589
2008016,175,0,0,0,0,0,0,0,0,0,0,0,0,0,2008,376.2057395,4599.668402
2008016,200,0,0,0,0,0,0,0,0,0,0,0,0,0,2008,376.2057395,4599.668402
2008016,225,0,0,0,0,0,0,0,0,0,0,0,0,0,2008,376.2057395,4599.668402
2008016,250,0,0,0,0,0,0,0,0,0,0,0,0,0,2008,376.2057395,4599.668402
2008016,275,0,0,0,0,0,0,0,0,0,0,0,0,0,2008,376.2057395,4599.668402
2008016,300,1,0,0,0,0,0,0,0,0,0,0,0,0,2008,376.2057395,4599.668402
2008016,325,0,0,0,0,0,0,0,0,0,0,0,0,0,2008,376.2057395,4599.668402
2008016,350,3,1,5,3,2,1,0,0,0,0,0,0,0,2008,376.2057395,4599.668402
2008016,375,1,4,9,1,5,1,0,0,0,0,0,0,1,2008,376.2057395,4599.668402
2008016,400,1,2,0,0,0,0,0,0,0,0,0,0,0,2008,376.2057395,4599.668402
2008016,425,0,1,0,0,0,2,0,0,0,0,0,0,0,2008,376.2057395,4599.668402
2008016,450,0,1,2,0,1,0,2,0,0,0,0,0,0,2008,376.2057395,4599.668402
2008016,475,0,0,1,2,1,6,2,0,1,0,0,0,0,2008,376.2057395,4599.668402
2008016,500,0,1,3,4,2,4,1,0,3,0,1,0,0,2008,376.2057395,4599.668402
2008016,525,0,0,1,3,0,4,1,0,0,1,3,1,4,2008,376.2057395,4599.668402
2008016,550,0,0,0,0,1,3,0,0,1,0,2,0,1,2008,376.2057395,4599.668402
2008016,575,0,0,0,0,0,1,0,0,0,0,3,1,0,2008,376.2057395,4599.668402
2008016,600,0,0,1,0,0,2,0,0,0,0,0,0,2,2008,376.2057395,4599.668402
2008016,625,0,0,0,0,0,0,0,0,0,0,0,0,0,2008,376.2057395,4599.668402
2008016,650,0,0,0,0,0,0,0,0,0,0,0,0,0,2008,376.2057395,4599.668402
2008016,675,0,0,0,0,0,0,0,0,0,0,0,1,0,2008,376.2057395,4599.668402
2008016,700,0,0,0,0,0,0,0,0,0,0,0,0,0,2008,376.2057395,4599.668402
2008016,725,0,0,0,0,0,0,0,0,0,0,0,0,0,2008,376.2057395,4599.668402
2008017,175,0,0,0,0,0,0,0,0,0,0,0,0,0,2008,376.2057395,4599.668402
2008017,200,0,0,0,0,0,0,0,0,0,0,0,0,0,2008,376.2057395,4599.668402
2008017,225,0,0,0,0,0,0,0,0,0,0,0,0,0,2008,376.2057395,4599.668402
2008017,250,0,0,0,0,0,0,0,0,0,0,0,0,0,2008,376.2057395,4599.668402
2008017,275,0,0,0,0,0,0,0,0,0,0,0,0,0,2008,376.2057395,4599.668402
2008017,300,0,0,0,0,0,0,0,0,0,0,0,0,0,2008,376.2057395,4599.668402
2008017,325,1,0,2,0,0,0,0,0,0,0,0,0,0,2008,376.2057395,4599.668402
2008017,350,3,1,1,6,1,4,0,0,0,0,0,0,0,2008,376.2057395,4599.668402
2008017,375,1,3,7,5,7,1,1,1,0,0,0,0,0,2008,376.2057395,4599.668402
2008017,400,0,3,2,2,1,1,0,0,0,0,0,0,0,2008,376.2057395,4599.668402
2008017,425,0,0,1,0,0,1,0,0,2,1,0,0,0,2008,376.2057395,4599.668402
2008017,450,0,0,3,0,3,2,1,2,1,2,1,1,0,2008,376.2057395,4599.668402
2008017,475,0,0,4,3,1,7,4,5,4,1,1,0,1,2008,376.2057395,4599.668402
2008017,500,1,0,1,2,5,3,1,5,2,3,11,5,2,2008,376.2057395,4599.668402
2008017,525,0,0,0,0,3,6,7,6,3,5,3,5,4,2008,376.2057395,4599.668402
2008017,550,0,0,1,0,1,4,1,3,2,4,1,4,2,2008,376.2057395,4599.668402
2008017,575,0,0,0,0,2,1,4,0,1,0,1,2,5,2008,376.2057395,4599.668402
2008017,600,0,0,0,0,0,0,2,0,0,2,1,4,3,2008,376.2057395,4599.668402
2008017,625,0,0,0,0,0,1,1,0,0,0,0,1,0,2008,376.2057395,4599.668402
2008017,650,0,0,0,0,0,0,0,0,0,0,0,2,0,2008,376.2057395,4599.668402
2008017,675,0,0,0,0,0,0,0,0,0,0,0,0,0,2008,376.2057395,4599.668402
2008017,700,0,0,0,0,0,0,0,0,1,0,0,0,0,2008,376.2057395,4599.668402
2008017,725,0,0,0,0,0,0,0,0,0,0,0,0,0,2008,376.2057395,4599.668402
2008018,175,0,0,0,0,0,0,0,0,0,0,0,0,0,2008,376.6476001,4585.956548
2008018,200,0,0,0,0,0,0,0,0,0,0,0,0,0,2008,376.6476001,4585.956548
2008018,225,0,0,0,0,0,0,0,0,0,0,0,0,0,2008,376.6476001,4585.956548
2008018,250,0,0,0,0,0,0,0,0,0,0,0,0,0,2008,376.6476001,4585.956548
2008018,275,0,0,0,0,0,0,0,0,0,0,0,0,0,2008,376.6476001,4585.956548
2008018,300,0,1,0,0,0,0,0,0,0,0,0,0,0,2008,376.6476001,4585.956548
2008018,325,1,0,0,0,0,0,0,0,0,0,0,0,0,2008,376.6476001,4585.956548
2008018,350,2,3,3,8,2,2,0,0,0,0,0,0,0,2008,376.6476001,4585.956548
2008018,375,1,6,3,10,16,3,5,0,0,0,0,0,0,2008,376.6476001,4585.956548
2008018,400,0,0,1,2,2,6,1,0,0,0,0,0,1,2008,376.6476001,4585.956548
2008018,425,0,1,0,0,1,1,4,1,0,0,0,0,0,2008,376.6476001,4585.956548
2008018,450,0,1,3,2,1,2,6,5,2,1,1,0,0,2008,376.6476001,4585.956548
2008018,475,0,0,3,4,4,2,12,10,6,3,4,1,1,2008,376.6476001,4585.956548
2008018,500,1,2,2,3,5,1,5,10,10,9,13,2,4,2008,376.6476001,4585.956548
2008018,525,0,1,0,2,7,4,8,5,8,3,7,5,12,2008,376.6476001,4585.956548
2008018,550,0,0,0,1,7,3,7,2,4,0,4,6,7,2008,376.6476001,4585.956548
2008018,575,0,0,1,0,1,0,3,0,0,0,2,1,5,2008,376.6476001,4585.956548
2008018,600,0,0,0,1,0,1,0,1,1,0,1,1,3,2008,376.6476001,4585.956548
2008018,625,0,0,0,0,0,0,1,0,0,0,1,0,0,2008,376.6476001,4585.956548
2008018,650,0,0,0,0,0,0,0,0,0,0,2,0,1,2008,376.6476001,4585.956548
2008018,675,0,0,0,0,0,1,0,0,0,0,0,0,0,2008,376.6476001,4585.956548
2008018,700,0,0,0,0,0,0,1,0,0,0,0,0,0,2008,376.6476001,4585.956548
2008018,725,0,0,0,0,0,0,0,0,0,0,0,0,1,2008,376.6476001,4585.956548
2008019,175,0,0,0,0,0,0,0,0,0,0,0,0,0,2008,386.9647214,4613.173235
2008019,200,0,0,0,0,0,0,0,0,0,0,0,0,0,2008,386.9647214,4613.173235
2008019,225,0,0,0,0,0,0,0,0,0,0,0,0,0,2008,386.9647214,4613.173235
2008019,250,0,0,0,0,0,0,0,0,0,0,0,0,0,2008,386.9647214,4613.173235
2008019,275,0,0,0,0,0,0,0,0,0,0,0,0,0,2008,386.9647214,4613.173235
2008019,300,0,0,0,0,0,0,0,0,0,0,0,0,0,2008,386.9647214,4613.173235
2008019,325,0,0,0,0,0,0,0,0,0,0,0,0,0,2008,386.9647214,4613.173235
2008019,350,0,0,0,0,0,0,0,0,0,0,0,0,0,2008,386.9647214,4613.173235
2008019,375,0,0,0,0,1,0,0,0,0,0,0,0,0,2008,386.9647214,4613.173235
2008019,400,0,0,0,1,0,0,0,0,0,0,0,0,0,2008,386.9647214,4613.173235
2008019,425,0,0,0,0,0,0,0,0,0,0,0,0,0,2008,386.9647214,4613.173235
2008019,450,0,0,0,0,0,0,0,0,0,0,0,0,0,2008,386.9647214,4613.173235
2008019,475,0,0,0,0,0,0,0,0,0,0,0,0,0,2008,386.9647214,4613.173235
2008019,500,0,0,0,0,0,0,0,0,0,0,0,0,0,2008,386.9647214,4613.173235
2008019,525,0,0,0,0,0,0,0,0,0,0,0,0,0,2008,386.9647214,4613.173235
2008019,550,0,0,0,0,0,0,0,0,0,0,0,0,0,2008,386.9647214,4613.173235
2008019,575,0,0,0,0,0,0,0,0,0,0,0,0,0,2008,386.9647214,4613.173235
2008019,600,0,0,0,0,0,0,0,0,0,0,0,0,0,2008,386.9647214,4613.173235
2008019,625,0,0,0,0,0,0,0,0,0,0,0,0,0,2008,386.9647214,4613.173235
2008019,650,0,0,0,0,0,0,0,0,0,0,0,0,0,2008,386.9647214,4613.173235
2008019,675,0,0,0,0,0,0,0,0,0,0,0,0,0,2008,386.9647214,4613.173235
2008019,700,0,0,0,0,0,0,0,0,0,0,0,0,0,2008,386.9647214,4613.173235
2008019,725,0,0,0,0,0,0,0,0,0,0,0,0,0,2008,386.9647214,4613.173235
2008020,175,0,0,0,0,0,0,0,0,0,0,0,0,0,2008,386.1515099,4600.725962
2008020,200,0,0,0,0,0,0,0,0,0,0,0,0,0,2008,386.1515099,4600.725962
2008020,225,0,0,0,0,0,0,0,0,0,0,0,0,0,2008,386.1515099,4600.725962
2008020,250,0,0,0,0,0,0,0,0,0,0,0,0,0,2008,386.1515099,4600.725962
2008020,275,0,0,0,0,0,0,0,0,0,0,0,0,0,2008,386.1515099,4600.725962
2008020,300,0,0,0,0,0,0,0,0,0,0,0,0,0,2008,386.1515099,4600.725962
2008020,325,0,0,0,3,0,0,0,0,0,0,0,0,0,2008,386.1515099,4600.725962
2008020,350,0,1,0,1,3,0,1,0,0,0,0,0,0,2008,386.1515099,4600.725962
2008020,375,1,1,1,1,3,2,1,0,0,0,0,0,1,2008,386.1515099,4600.725962
2008020,400,1,0,0,1,4,0,0,1,0,0,0,0,0,2008,386.1515099,4600.725962
2008020,425,0,0,0,0,0,0,0,1,0,0,0,0,0,2008,386.1515099,4600.725962
2008020,450,0,0,0,0,0,0,0,0,1,0,0,0,0,2008,386.1515099,4600.725962
2008020,475,0,1,0,0,0,0,0,1,1,0,0,1,0,2008,386.1515099,4600.725962
2008020,500,0,1,0,0,0,0,0,0,0,0,0,0,2,2008,386.1515099,4600.725962
2008020,525,0,0,0,0,1,0,0,0,3,2,3,0,1,2008,386.1515099,4600.725962
2008020,550,0,0,0,0,2,0,0,0,1,0,1,1,1,2008,386.1515099,4600.725962
2008020,575,0,0,0,0,0,0,0,0,1,0,1,1,0,2008,386.1515099,4600.725962
2008020,600,0,0,0,0,0,0,0,1,0,0,1,1,1,2008,386.1515099,4600.725962
2008020,625,1,0,0,0,0,0,0,0,1,0,0,1,0,2008,386.1515099,4600.725962
2008020,650,0,0,0,0,0,0,0,0,0,0,0,0,0,2008,386.1515099,4600.725962
2008020,675,0,0,0,0,0,0,0,0,0,0,0,0,0,2008,386.1515099,4600.725962
2008020,700,0,0,0,0,0,0,0,0,0,0,0,0,0,2008,386.1515099,4600.725962
2008020,725,0,0,0,0,0,0,0,0,0,0,0,0,0,2008,386.1515099,4600.725962
2008021,175,0,0,0,0,0,0,0,0,0,0,0,0,0,2008,386.7351614,4594.331339
2008021,200,0,0,0,0,0,0,0,0,0,0,0,0,0,2008,386.7351614,4594.331339
2008021,225,0,0,0,0,0,0,0,0,0,0,0,0,0,2008,386.7351614,4594.331339
2008021,250,0,0,0,0,0,0,0,0,0,0,0,0,0,2008,386.7351614,4594.331339
2008021,275,0,0,0,0,0,0,0,0,0,0,0,0,0,2008,386.7351614,4594.331339
2008021,300,0,0,0,0,0,0,0,0,0,0,0,0,0,2008,386.7351614,4594.331339
2008021,325,1,1,1,2,0,0,0,0,0,0,0,0,0,2008,386.7351614,4594.331339
2008021,350,2,2,0,3,7,0,1,0,0,0,0,0,0,2008,386.7351614,4594.331339
2008021,375,4,3,5,5,10,0,2,0,0,0,1,0,0,2008,386.7351614,4594.331339
2008021,400,0,0,1,1,2,4,3,0,0,0,0,0,0,2008,386.7351614,4594.331339
2008021,425,0,0,0,0,1,0,0,0,0,1,0,1,0,2008,386.7351614,4594.331339
2008021,450,0,1,0,0,0,0,1,0,1,0,0,0,0,2008,386.7351614,4594.331339
2008021,475,0,0,0,0,1,0,1,0,1,2,0,1,0,2008,386.7351614,4594.331339
2008021,500,0,0,1,0,0,0,0,2,1,1,0,1,0,2008,386.7351614,4594.331339
2008021,525,0,0,0,1,0,0,0,2,2,2,2,1,0,2008,386.7351614,4594.331339
2008021,550,0,1,1,0,0,0,0,0,0,1,2,2,1,2008,386.7351614,4594.331339
2008021,575,0,0,0,0,0,0,1,1,2,1,0,1,0,2008,386.7351614,4594.331339
2008021,600,0,0,0,0,0,0,1,0,0,0,0,2,0,2008,386.7351614,4594.331339
2008021,625,0,0,0,0,0,0,0,0,0,0,0,1,0,2008,386.7351614,4594.331339
2008021,650,0,0,0,0,0,0,0,0,0,0,0,0,0,2008,386.7351614,4594.331339
2008021,675,0,0,0,0,0,0,0,0,0,0,0,0,0,2008,386.7351614,4594.331339
2008021,700,0,0,0,0,0,0,0,0,0,0,0,0,0,2008,386.7351614,4594.331339
2008021,725,0,0,0,0,0,0,0,0,0,0,0,0,0,2008,386.7351614,4594.331339
2008022,175,0,0,0,0,0,0,0,0,0,0,0,0,0,2008,386.9122907,4588.576193
2008022,200,0,0,0,0,0,0,0,0,0,0,0,0,0,2008,386.9122907,4588.576193
2008022,225,0,0,0,0,0,0,0,0,0,0,0,0,0,2008,386.9122907,4588.576193
2008022,250,0,0,0,0,0,0,0,0,0,0,0,0,0,2008,386.9122907,4588.576193
2008022,275,0,0,0,0,0,0,0,0,0,0,0,0,0,2008,386.9122907,4588.576193
2008022,300,0,0,0,0,0,0,0,0,0,0,0,0,0,2008,386.9122907,4588.576193
2008022,325,2,1,2,1,2,0,0,0,0,0,0,0,0,2008,386.9122907,4588.576193
2008022,350,1,4,3,9,10,3,1,1,0,0,0,0,0,2008,386.9122907,4588.576193
2008022,375,3,6,10,15,16,10,9,0,0,0,0,1,0,2008,386.9122907,4588.576193
2008022,400,1,1,5,2,6,7,5,1,0,0,0,0,0,2008,386.9122907,4588.576193
2008022,425,0,2,0,1,0,1,1,2,1,1,1,0,0,2008,386.9122907,4588.576193
2008022,450,0,1,0,1,2,7,1,3,0,3,0,1,0,2008,386.9122907,4588.576193
2008022,475,0,1,2,0,1,3,0,8,6,7,2,2,1,2008,386.9122907,4588.576193
2008022,500,0,0,6,1,6,5,2,8,12,13,8,4,6,2008,386.9122907,4588.576193
2008022,525,0,1,2,0,3,5,0,6,4,2,7,4,11,2008,386.9122907,4588.576193
2008022,550,0,0,3,0,0,2,1,4,2,5,5,4,2,2008,386.9122907,4588.576193
2008022,575,0,0,0,0,0,0,1,0,2,2,1,4,3,2008,386.9122907,4588.576193
2008022,600,0,0,0,0,0,0,1,0,1,1,3,4,2,2008,386.9122907,4588.576193
2008022,625,0,0,0,0,0,0,0,0,0,0,0,0,1,2008,386.9122907,4588.576193
2008022,650,0,0,0,0,0,0,0,0,0,0,0,0,0,2008,386.9122907,4588.576193
2008022,675,0,0,0,0,0,0,1,0,0,0,0,0,0,2008,386.9122907,4588.576193
2008022,700,0,0,0,0,0,0,0,0,0,0,0,1,0,2008,386.9122907,4588.576193
2008022,725,0,0,0,0,0,0,0,0,0,0,0,0,0,2008,386.9122907,4588.576193
2011001,175,0,0,0,0,0,0,0,0,0,0,0,0,0,2011,318.0410002,4636.674479
2011001,200,1,0,0,0,0,0,0,0,0,0,0,0,0,2011,318.0410002,4636.674479
2011001,225,0,0,0,0,0,0,0,0,0,0,0,0,0,2011,318.0410002,4636.674479
2011001,250,0,0,0,0,0,0,0,0,0,0,0,0,0,2011,318.0410002,4636.674479
2011001,275,0,1,0,0,0,0,0,0,0,0,0,0,0,2011,318.0410002,4636.674479
2011001,300,0,0,0,0,0,0,0,0,0,0,0,0,0,2011,318.0410002,4636.674479
2011001,325,0,0,0,0,0,0,0,0,0,0,0,0,0,2011,318.0410002,4636.674479
2011001,350,1,1,0,0,0,0,0,0,0,0,0,0,0,2011,318.0410002,4636.674479
2011001,375,2,1,0,0,0,0,0,0,0,2,0,0,0,2011,318.0410002,4636.674479
2011001,400,0,0,0,0,0,0,0,0,0,0,0,0,0,2011,318.0410002,4636.674479
2011001,425,0,0,0,0,0,2,0,1,0,1,0,0,0,2011,318.0410002,4636.674479
2011001,450,0,0,0,0,0,0,1,0,0,1,0,0,0,2011,318.0410002,4636.674479
2011001,475,0,1,0,0,0,1,0,0,0,2,0,0,0,2011,318.0410002,4636.674479
2011001,500,0,0,0,0,0,0,0,0,0,1,0,0,0,2011,318.0410002,4636.674479
2011001,525,0,0,0,0,0,0,0,0,0,1,2,0,0,2011,318.0410002,4636.674479
2011001,550,0,0,0,0,0,0,0,0,0,0,0,0,0,2011,318.0410002,4636.674479
2011001,575,0,0,0,0,0,0,0,0,0,0,0,0,0,2011,318.0410002,4636.674479
2011001,600,0,0,0,0,0,0,0,0,0,0,0,0,0,2011,318.0410002,4636.674479
2011001,625,0,0,0,0,0,0,0,0,0,0,0,0,0,2011,318.0410002,4636.674479
2011001,650,0,0,0,0,0,0,0,0,0,0,0,0,0,2011,318.0410002,4636.674479
2011001,675,0,0,0,0,0,0,0,0,0,0,0,0,0,2011,318.0410002,4636.674479
2011001,700,0,0,0,0,0,0,0,0,0,0,0,0,0,2011,318.0410002,4636.674479
2011001,725,0,0,0,0,0,0,0,0,0,0,0,0,0,2011,318.0410002,4636.674479
2011002,175,0,0,0,0,0,0,0,0,0,0,0,0,0,2011,314.7382666,4620.606141
2011002,200,0,0,0,0,0,0,0,0,0,0,0,0,0,2011,314.7382666,4620.606141
2011002,225,0,0,0,0,0,0,0,0,0,0,0,0,0,2011,314.7382666,4620.606141
2011002,250,0,0,0,0,0,0,0,0,0,0,0,0,0,2011,314.7382666,4620.606141
2011002,275,0,0,0,0,0,0,0,0,0,0,0,0,0,2011,314.7382666,4620.606141
2011002,300,0,0,0,0,0,0,0,0,0,0,0,0,0,2011,314.7382666,4620.606141
2011002,325,1,2,1,0,1,0,0,0,0,0,0,0,0,2011,314.7382666,4620.606141
2011002,350,3,6,7,0,3,0,0,0,0,0,0,0,0,2011,314.7382666,4620.606141
2011002,375,2,8,5,0,8,1,0,0,0,0,0,0,0,2011,314.7382666,4620.606141
2011002,400,0,0,1,0,0,1,1,0,0,0,0,0,0,2011,314.7382666,4620.606141
2011002,425,0,2,1,0,0,2,2,0,0,0,0,0,0,2011,314.7382666,4620.606141
2011002,450,0,1,0,0,0,0,0,2,0,0,0,0,0,2011,314.7382666,4620.606141
2011002,475,0,0,1,0,0,1,4,2,4,0,0,0,0,2011,314.7382666,4620.606141
2011002,500,0,2,0,0,0,0,0,1,1,0,0,0,0,2011,314.7382666,4620.606141
2011002,525,0,0,0,0,2,1,0,2,3,1,0,0,0,2011,314.7382666,4620.606141
2011002,550,0,0,0,0,0,1,0,0,0,1,2,1,0,2011,314.7382666,4620.606141
2011002,575,0,0,0,0,0,0,1,0,0,0,0,0,0,2011,314.7382666,4620.606141
2011002,600,0,0,0,0,0,0,0,0,0,0,0,0,0,2011,314.7382666,4620.606141
2011002,625,0,0,0,0,0,0,0,0,0,0,0,0,0,2011,314.7382666,4620.606141
2011002,650,0,0,0,0,0,0,0,0,0,0,0,0,0,2011,314.7382666,4620.606141
2011002,675,0,0,0,0,0,0,0,0,0,0,0,0,0,2011,314.7382666,4620.606141
2011002,700,0,0,0,0,0,0,0,0,0,0,0,0,0,2011,314.7382666,4620.606141
2011002,725,0,0,0,0,0,0,0,0,0,0,0,0,0,2011,314.7382666,4620.606141
2011003,175,0,0,0,0,0,0,0,0,0,0,0,0,0,2011,342.0669785,4606.023202
2011003,200,0,0,0,0,0,0,0,0,0,0,0,0,0,2011,342.0669785,4606.023202
2011003,225,0,0,0,0,0,0,0,0,0,0,0,0,0,2011,342.0669785,4606.023202
2011003,250,0,0,0,0,0,0,0,0,0,0,0,0,0,2011,342.0669785,4606.023202
2011003,275,0,0,0,0,0,0,0,0,0,0,0,0,0,2011,342.0669785,4606.023202
2011003,300,0,0,0,0,0,0,0,0,0,0,0,0,0,2011,342.0669785,4606.023202
2011003,325,0,0,1,0,0,0,0,0,1,0,0,0,0,2011,342.0669785,4606.023202
2011003,350,0,0,1,0,0,0,0,0,0,0,2,0,0,2011,342.0669785,4606.023202
2011003,375,1,0,1,0,0,0,0,2,0,0,2,0,0,2011,342.0669785,4606.023202
2011003,400,0,0,1,0,0,0,0,1,0,0,0,0,0,2011,342.0669785,4606.023202
2011003,425,0,0,0,0,0,0,0,0,0,0,0,0,1,2011,342.0669785,4606.023202
2011003,450,0,0,2,0,0,0,1,1,1,1,0,0,0,2011,342.0669785,4606.023202
2011003,475,0,0,2,0,0,0,0,2,1,0,1,0,0,2011,342.0669785,4606.023202
2011003,500,0,0,0,0,0,0,0,2,0,5,1,0,0,2011,342.0669785,4606.023202
2011003,525,0,0,0,0,0,0,2,1,0,2,0,0,1,2011,342.0669785,4606.023202
2011003,550,0,0,0,0,0,0,0,0,1,1,0,1,2,2011,342.0669785,4606.023202
2011003,575,0,0,0,0,0,0,0,0,1,0,0,0,1,2011,342.0669785,4606.023202
2011003,600,0,0,0,0,0,0,0,0,1,0,0,0,0,2011,342.0669785,4606.023202
2011003,625,0,0,0,0,0,0,0,0,0,0,0,0,0,2011,342.0669785,4606.023202
2011003,650,0,0,0,0,0,0,0,0,0,0,0,0,0,2011,342.0669785,4606.023202
2011003,675,0,0,0,0,0,0,0,0,0,0,0,0,0,2011,342.0669785,4606.023202
2011003,700,0,0,0,0,0,0,0,0,0,0,0,0,0,2011,342.0669785,4606.023202
2011003,725,0,0,0,0,0,0,0,0,0,0,0,0,0,2011,342.0669785,4606.023202
2011004,175,0,0,0,0,0,0,0,0,0,0,0,0,0,2011,352.5629027,4610.635769
2011004,200,0,0,0,0,0,0,0,0,0,0,0,0,0,2011,352.5629027,4610.635769
2011004,225,0,0,0,0,0,0,0,0,0,0,0,0,0,2011,352.5629027,4610.635769
2011004,250,0,0,0,0,0,0,0,0,0,0,0,0,0,2011,352.5629027,4610.635769
2011004,275,0,0,0,0,0,0,0,0,0,0,0,0,0,2011,352.5629027,4610.635769
2011004,300,0,0,0,0,0,0,0,0,0,0,0,0,0,2011,352.5629027,4610.635769
2011004,325,0,0,0,1,0,0,0,0,0,0,0,0,0,2011,352.5629027,4610.635769
2011004,350,2,0,3,3,2,0,0,0,0,0,0,0,0,2011,352.5629027,4610.635769
2011004,375,1,0,5,4,4,3,1,0,0,0,0,0,0,2011,352.5629027,4610.635769
2011004,400,0,0,0,0,1,0,0,0,0,0,0,0,0,2011,352.5629027,4610.635769
2011004,425,0,0,0,1,0,1,0,0,0,0,0,0,0,2011,352.5629027,4610.635769
2011004,450,0,0,1,2,0,0,1,0,1,0,0,0,0,2011,352.5629027,4610.635769
2011004,475,0,0,1,0,1,1,0,0,1,4,0,0,0,2011,352.5629027,4610.635769
2011004,500,0,0,0,0,0,1,0,0,3,2,1,0,0,2011,352.5629027,4610.635769
2011004,525,0,0,1,0,0,1,1,0,1,4,4,0,0,2011,352.5629027,4610.635769
2011004,550,0,0,0,0,2,0,1,0,4,1,1,0,0,2011,352.5629027,4610.635769
2011004,575,0,0,0,0,0,0,1,0,0,3,0,0,0,2011,352.5629027,4610.635769
2011004,600,0,0,0,0,0,0,0,0,1,1,0,0,0,2011,352.5629027,4610.635769
2011004,625,0,0,0,0,0,0,0,0,0,0,0,0,0,2011,352.5629027,4610.635769
2011004,650,0,0,0,0,0,0,0,0,0,0,0,0,0,2011,352.5629027,4610.635769
2011004,675,0,0,0,0,0,0,0,0,1,0,0,0,0,2011,352.5629027,4610.635769
2011004,700,0,0,0,0,0,0,0,0,0,0,0,0,0,2011,352.5629027,4610.635769
2011004,725,0,0,0,0,0,0,0,0,0,0,0,0,0,2011,352.5629027,4610.635769
2011005,175,0,0,0,0,0,0,0,0,0,0,0,0,0,2011,363.7093891,4610.28051
2011005,200,0,0,0,0,0,0,0,0,0,0,0,0,0,2011,363.7093891,4610.28051
2011005,225,0,0,0,0,0,0,0,0,0,0,0,0,0,2011,363.7093891,4610.28051
2011005,250,0,0,0,0,0,0,0,0,0,0,0,0,0,2011,363.7093891,4610.28051
2011005,275,0,0,0,0,0,0,0,0,0,0,0,0,0,2011,363.7093891,4610.28051
2011005,300,0,0,0,0,0,0,0,0,0,0,0,0,0,2011,363.7093891,4610.28051
2011005,325,1,0,0,0,0,0,0,0,0,0,0,0,0,2011,363.7093891,4610.28051
2011005,350,1,0,0,2,1,0,0,0,0,0,0,0,0,2011,363.7093891,4610.28051
2011005,375,2,4,5,5,7,1,2,0,0,0,0,0,0,2011,363.7093891,4610.28051
2011005,400,0,1,0,2,1,2,0,0,0,0,0,0,0,2011,363.7093891,4610.28051
2011005,425,0,1,1,1,1,6,1,2,0,0,0,0,0,2011,363.7093891,4610.28051
2011005,450,0,0,1,1,2,2,4,2,1,0,0,0,1,2011,363.7093891,4610.28051
2011005,475,0,0,0,1,1,3,1,0,3,1,0,0,0,2011,363.7093891,4610.28051
2011005,500,1,0,3,1,1,5,1,1,3,4,1,1,0,2011,363.7093891,4610.28051
2011005,525,0,0,0,0,2,2,1,2,5,2,0,1,2,2011,363.7093891,4610.28051
2011005,550,0,0,0,0,0,0,3,1,5,0,4,0,3,2011,363.7093891,4610.28051
2011005,575,0,0,0,0,1,0,1,1,1,1,0,0,4,2011,363.7093891,4610.28051
2011005,600,0,0,0,0,0,1,0,0,0,0,0,0,0,2011,363.7093891,4610.28051
2011005,625,0,0,0,1,0,0,0,0,1,1,0,0,1,2011,363.7093891,4610.28051
2011005,650,0,0,0,0,0,1,0,0,0,0,0,0,0,2011,363.7093891,4610.28051
2011005,675,0,0,0,0,0,0,0,0,0,0,2,0,0,2011,363.7093891,4610.28051
2011005,700,0,0,0,0,0,0,0,0,0,0,0,0,1,2011,363.7093891,4610.28051
2011005,725,0,0,0,0,0,0,0,0,0,0,0,0,0,2011,363.7093891,4610.28051
2011006,175,0,0,0,0,0,0,0,0,0,0,0,0,0,2011,363.4130999,4595.599446
2011006,200,0,0,0,0,0,0,0,0,0,0,0,0,0,2011,363.4130999,4595.599446
2011006,225,0,0,0,0,0,0,0,0,0,0,0,0,0,2011,363.4130999,4595.599446
2011006,250,1,0,0,0,0,0,0,0,0,0,0,0,0,2011,363.4130999,4595.599446
2011006,275,0,0,0,0,0,0,0,0,0,0,0,0,0,2011,363.4130999,4595.599446
2011006,300,0,0,0,0,0,0,0,0,0,0,0,0,0,2011,363.4130999,4595.599446
2011006,325,0,0,1,0,0,0,0,0,0,0,0,0,0,2011,363.4130999,4595.599446
2011006,350,3,0,4,0,2,0,0,0,0,0,0,0,0,2011,363.4130999,4595.599446
2011006,375,0,0,4,0,5,5,0,0,0,0,0,0,0,2011,363.4130999,4595.599446
2011006,400,1,0,1,0,2,0,0,0,0,0,0,0,0,2011,363.4130999,4595.599446
2011006,425,0,0,1,0,0,0,0,0,0,0,0,0,0,2011,363.4130999,4595.599446
2011006,450,0,0,0,0,2,2,0,2,0,0,0,2,0,2011,363.4130999,4595.599446
2011006,475,0,0,0,0,0,0,0,0,0,0,0,0,0,2011,363.4130999,4595.599446
2011006,500,0,0,0,0,0,6,0,2,0,1,1,0,0,2011,363.4130999,4595.599446
2011006,525,0,0,0,0,2,1,0,2,0,1,2,1,0,2011,363.4130999,4595.599446
2011006,550,1,0,0,0,0,1,0,0,0,0,1,1,0,2011,363.4130999,4595.599446
2011006,575,0,0,0,0,0,1,0,1,0,0,1,1,0,2011,363.4130999,4595.599446
2011006,600,0,0,0,0,0,0,0,0,0,0,2,0,0,2011,363.4130999,4595.599446
2011006,625,0,0,0,0,0,0,0,0,0,0,0,1,0,2011,363.4130999,4595.599446
2011006,650,0,0,0,0,0,0,0,0,0,0,0,0,0,2011,363.4130999,4595.599446
2011006,675,0,0,0,0,0,0,0,0,0,0,0,0,0,2011,363.4130999,4595.599446
2011006,700,0,0,0,0,0,0,0,0,0,0,0,0,0,2011,363.4130999,4595.599446
2011006,725,0,0,0,0,0,0,0,0,0,0,0,0,0,2011,363.4130999,4595.599446
2011007,175,0,0,0,0,0,0,0,0,0,0,0,0,0,2011,373.8500069,4592.033266
2011007,200,0,0,0,0,0,0,0,0,0,0,0,0,0,2011,373.8500069,4592.033266
2011007,225,0,0,0,0,0,0,0,0,0,0,0,0,0,2011,373.8500069,4592.033266
2011007,250,0,0,0,0,0,0,0,0,0,0,0,0,0,2011,373.8500069,4592.033266
2011007,275,0,0,0,0,0,0,0,0,0,0,0,0,0,2011,373.8500069,4592.033266
2011007,300,0,0,0,0,0,0,0,0,1,0,0,0,0,2011,373.8500069,4592.033266
2011007,325,0,1,0,0,0,0,0,0,0,0,0,0,0,2011,373.8500069,4592.033266
2011007,350,1,1,2,0,4,0,0,0,0,1,0,0,0,2011,373.8500069,4592.033266
2011007,375,0,0,4,0,1,0,1,0,0,0,0,0,0,2011,373.8500069,4592.033266
2011007,400,1,0,3,0,2,0,0,0,0,0,0,0,0,2011,373.8500069,4592.033266
2011007,425,1,0,0,0,0,0,0,0,1,0,0,0,0,2011,373.8500069,4592.033266
2011007,450,0,0,0,0,0,0,1,2,0,0,0,0,0,2011,373.8500069,4592.033266
2011007,475,0,2,0,1,0,0,2,2,0,1,0,0,0,2011,373.8500069,4592.033266
2011007,500,0,3,1,0,1,0,0,2,3,4,0,0,0,2011,373.8500069,4592.033266
2011007,525,1,2,2,0,1,0,4,3,1,4,0,0,2,2011,373.8500069,4592.033266
2011007,550,0,4,0,2,0,0,1,2,1,2,0,2,1,2011,373.8500069,4592.033266
2011007,575,0,1,0,1,1,0,1,3,0,0,0,0,5,2011,373.8500069,4592.033266
2011007,600,0,2,0,0,0,0,0,0,3,3,0,0,2,2011,373.8500069,4592.033266
2011007,625,0,1,0,0,0,0,0,0,0,0,0,0,0,2011,373.8500069,4592.033266
2011007,650,0,0,0,0,0,0,0,0,0,0,0,0,0,2011,373.8500069,4592.033266
2011007,675,0,0,0,0,0,0,1,1,0,0,0,0,1,2011,373.8500069,4592.033266
2011007,700,0,0,0,0,0,0,0,0,0,0,0,0,1,2011,373.8500069,4592.033266
2011007,725,0,0,0,0,0,0,0,0,0,0,0,0,0,2011,373.8500069,4592.033266
2011008,175,0,0,0,0,0,0,0,0,0,0,0,0,0,2011,372.6341645,4608.604364
2011008,200,0,0,0,0,0,0,0,0,0,0,0,0,0,2011,372.6341645,4608.604364
2011008,225,0,0,0,0,0,0,0,0,0,0,0,0,0,2011,372.6341645,4608.604364
2011008,250,0,0,0,0,0,0,0,0,0,0,0,0,0,2011,372.6341645,4608.604364
2011008,275,0,0,0,0,0,0,0,0,0,0,0,0,0,2011,372.6341645,4608.604364
2011008,300,0,0,0,0,0,0,0,0,0,0,0,0,0,2011,372.6341645,4608.604364
2011008,325,0,0,2,0,0,0,0,0,0,0,0,0,0,2011,372.6341645,4608.604364
2011008,350,1,0,3,3,2,0,0,0,1,0,0,0,0,2011,372.6341645,4608.604364
2011008,375,0,0,5,9,6,0,0,0,2,0,0,0,0,2011,372.6341645,4608.604364
2011008,400,0,0,3,3,1,0,0,0,1,0,0,0,0,2011,372.6341645,4608.604364
2011008,425,0,0,0,0,0,0,0,2,2,1,0,0,0,2011,372.6341645,4608.604364
2011008,450,0,0,0,0,1,0,0,1,4,1,0,0,0,2011,372.6341645,4608.604364
2011008,475,0,0,1,1,2,0,1,1,1,0,1,0,0,2011,372.6341645,4608.604364
2011008,500,0,0,0,2,1,0,0,3,5,2,0,0,1,2011,372.6341645,4608.604364
2011008,525,0,0,0,1,2,0,2,1,4,4,3,0,1,2011,372.6341645,4608.604364
2011008,550,0,0,0,0,0,0,1,1,2,3,1,2,0,2011,372.6341645,4608.604364
2011008,575,0,0,0,0,0,0,1,1,1,1,1,3,1,2011,372.6341645,4608.604364
2011008,600,0,0,0,0,0,0,0,1,0,0,0,1,1,2011,372.6341645,4608.604364
2011008,625,0,0,0,0,0,0,0,0,1,0,0,0,0,2011,372.6341645,4608.604364
2011008,650,0,0,0,0,0,0,0,0,0,0,0,0,0,2011,372.6341645,4608.604364
2011008,675,0,0,0,0,0,0,0,0,0,0,0,0,1,2011,372.6341645,4608.604364
2011008,700,0,0,0,0,0,0,0,0,0,0,0,0,1,2011,372.6341645,4608.604364
2011008,725,0,0,0,0,0,0,0,0,0,0,0,0,0,2011,372.6341645,4608.604364
2011009,175,0,0,0,0,0,0,0,0,0,0,0,0,0,2011,387.123138,4588.700605
2011009,200,0,0,0,0,0,0,0,0,0,0,0,0,0,2011,387.123138,4588.700605
2011009,225,0,0,0,0,0,0,0,0,0,0,0,0,0,2011,387.123138,4588.700605
2011009,250,0,0,0,0,0,0,0,0,0,0,0,0,0,2011,387.123138,4588.700605
2011009,275,0,0,0,0,0,0,0,0,0,0,0,0,0,2011,387.123138,4588.700605
2011009,300,0,0,0,0,0,0,0,0,0,0,0,0,0,2011,387.123138,4588.700605
2011009,325,0,0,0,0,0,0,0,0,0,0,0,0,0,2011,387.123138,4588.700605
2011009,350,0,0,0,4,0,1,0,0,0,0,0,0,0,2011,387.123138,4588.700605
2011009,375,0,1,2,0,2,3,0,0,0,0,0,0,0,2011,387.123138,4588.700605
2011009,400,0,0,1,1,0,1,1,0,0,0,0,0,0,2011,387.123138,4588.700605
2011009,425,0,0,0,1,0,1,0,1,1,0,0,0,0,2011,387.123138,4588.700605
2011009,450,0,1,0,1,1,0,1,3,0,2,1,0,0,2011,387.123138,4588.700605
2011009,475,0,0,0,0,1,1,0,3,0,0,0,0,0,2011,387.123138,4588.700605
2011009,500,1,0,0,0,0,0,0,2,0,0,1,0,0,2011,387.123138,4588.700605
2011009,525,0,0,0,1,0,0,0,1,0,1,1,0,0,2011,387.123138,4588.700605
2011009,550,0,0,0,1,0,1,1,0,0,0,0,0,2,2011,387.123138,4588.700605
2011009,575,0,0,0,0,0,2,0,2,1,0,0,0,3,2011,387.123138,4588.700605
2011009,600,0,0,0,0,0,0,0,0,0,1,0,0,1,2011,387.123138,4588.700605
2011009,625,1,0,0,0,0,0,0,1,0,0,1,0,0,2011,387.123138,4588.700605
2011009,650,0,0,0,0,0,0,0,0,0,0,0,0,1,2011,387.123138,4588.700605
2011009,675,0,0,0,0,0,0,0,0,0,0,0,0,0,2011,387.123138,4588.700605
2011009,700,0,0,0,0,0,0,0,0,0,0,0,0,0,2011,387.123138,4588.700605
2011009,725,0,0,0,0,0,0,0,0,0,0,0,1,0,2011,387.123138,4588.700605
2012001,175,0,0,0,0,0,0,0,0,0,0,0,0,0,2012,316.6770288,4617.102746
2012001,200,0,0,0,0,0,0,0,0,0,0,0,0,0,2012,316.6770288,4617.102746
2012001,225,1,0,0,0,0,0,0,0,0,0,0,0,0,2012,316.6770288,4617.102746
2012001,250,1,0,0,0,0,0,0,0,0,0,0,0,0,2012,316.6770288,4617.102746
2012001,275,0,0,0,0,0,0,0,0,0,0,0,0,0,2012,316.6770288,4617.102746
2012001,300,1,0,0,0,0,0,0,0,0,0,0,0,0,2012,316.6770288,4617.102746
2012001,325,0,1,1,0,0,0,0,0,0,0,0,0,0,2012,316.6770288,4617.102746
2012001,350,2,2,6,2,3,0,0,0,0,0,0,0,2,2012,316.6770288,4617.102746
2012001,375,2,2,1,3,0,2,0,0,0,0,0,0,0,2012,316.6770288,4617.102746
2012001,400,0,0,1,0,0,2,0,0,0,0,0,0,0,2012,316.6770288,4617.102746
2012001,425,0,1,3,2,2,5,2,2,0,0,0,0,0,2012,316.6770288,4617.102746
2012001,450,0,1,2,0,1,4,3,4,1,0,0,0,0,2012,316.6770288,4617.102746
2012001,475,0,0,3,1,0,0,0,2,2,0,0,1,0,2012,316.6770288,4617.102746
2012001,500,0,0,1,0,1,1,0,2,3,1,0,1,0,2012,316.6770288,4617.102746
2012001,525,0,0,0,0,1,2,1,3,1,0,0,0,0,2012,316.6770288,4617.102746
2012001,550,0,0,0,0,0,0,1,0,0,1,2,0,0,2012,316.6770288,4617.102746
2012001,575,0,0,0,0,0,0,0,0,0,0,2,0,1,2012,316.6770288,4617.102746
2012001,600,0,0,0,0,0,0,0,0,0,0,0,1,0,2012,316.6770288,4617.102746
2012001,625,0,0,0,0,0,0,0,0,0,0,0,0,0,2012,316.6770288,4617.102746
2012001,650,0,0,0,0,0,0,0,0,0,0,0,0,0,2012,316.6770288,4617.102746
2012001,675,0,0,0,0,0,0,0,0,0,0,0,0,0,2012,316.6770288,4617.102746
2012001,700,0,0,0,0,0,0,0,0,0,0,0,0,0,2012,316.6770288,4617.102746
2012001,725,0,0,0,0,0,0,0,0,0,0,0,0,0,2012,316.6770288,4617.102746
2012002,175,0,0,0,0,0,0,0,0,0,0,0,0,0,2012,342.0691196,4605.995384
2012002,200,0,0,0,0,0,0,0,0,0,0,0,0,0,2012,342.0691196,4605.995384
2012002,225,0,0,0,0,0,0,0,0,0,0,0,0,0,2012,342.0691196,4605.995384
2012002,250,1,0,0,0,0,0,0,0,0,0,0,0,0,2012,342.0691196,4605.995384
2012002,275,0,0,0,0,0,0,0,0,0,0,0,0,0,2012,342.0691196,4605.995384
2012002,300,0,0,0,0,0,0,0,0,0,0,0,0,0,2012,342.0691196,4605.995384
2012002,325,0,0,0,0,1,1,0,0,0,1,0,0,0,2012,342.0691196,4605.995384
2012002,350,3,0,5,7,6,0,0,0,0,2,0,0,0,2012,342.0691196,4605.995384
2012002,375,3,0,3,4,2,0,0,0,0,6,0,0,0,2012,342.0691196,4605.995384
2012002,400,1,0,1,0,0,0,1,0,0,1,0,0,0,2012,342.0691196,4605.995384
2012002,425,0,0,2,3,1,3,4,1,3,0,0,0,0,2012,342.0691196,4605.995384
2012002,450,0,0,2,1,2,3,2,5,2,3,0,0,0,2012,342.0691196,4605.995384
2012002,475,0,0,1,0,1,2,1,0,0,1,0,0,0,2012,342.0691196,4605.995384
2012002,500,0,0,0,1,1,0,0,1,0,1,0,0,0,2012,342.0691196,4605.995384
2012002,525,0,0,0,0,1,0,0,0,1,1,0,0,0,2012,342.0691196,4605.995384
2012002,550,0,0,0,0,0,0,1,1,1,0,0,1,0,2012,342.0691196,4605.995384
2012002,575,0,0,0,0,0,0,0,0,0,0,0,0,0,2012,342.0691196,4605.995384
2012002,600,0,0,0,1,0,0,1,0,0,0,0,0,0,2012,342.0691196,4605.995384
2012002,625,0,0,0,0,0,0,0,0,0,0,0,0,0,2012,342.0691196,4605.995384
2012002,650,0,0,0,0,0,0,0,0,0,0,0,0,0,2012,342.0691196,4605.995384
2012002,675,0,0,0,0,0,0,0,0,0,0,0,0,0,2012,342.0691196,4605.995384
2012002,700,0,0,0,0,0,0,0,0,0,0,0,0,0,2012,342.0691196,4605.995384
2012002,725,0,0,0,0,0,0,0,0,0,0,0,0,0,2012,342.0691196,4605.995384
2012003,175,0,0,0,0,0,0,0,0,0,0,0,0,0,2012,352.5172818,4610.646036
2012003,200,0,0,0,0,0,0,0,0,0,0,0,0,0,2012,352.5172818,4610.646036
2012003,225,0,0,0,0,0,0,0,0,0,0,0,0,0,2012,352.5172818,4610.646036
2012003,250,0,0,0,0,0,0,0,0,0,0,0,0,0,2012,352.5172818,4610.646036
2012003,275,1,0,0,0,0,0,0,0,0,0,0,0,0,2012,352.5172818,4610.646036
2012003,300,0,0,0,0,0,0,0,0,0,0,0,0,0,2012,352.5172818,4610.646036
2012003,325,1,0,0,0,0,0,0,0,0,0,0,0,0,2012,352.5172818,4610.646036
2012003,350,0,0,0,0,0,0,0,0,1,0,0,0,0,2012,352.5172818,4610.646036
2012003,375,0,0,0,2,2,2,1,0,0,0,1,0,0,2012,352.5172818,4610.646036
2012003,400,1,0,0,0,0,1,1,0,0,0,0,0,0,2012,352.5172818,4610.646036
2012003,425,0,0,0,2,1,1,1,0,1,0,0,0,0,2012,352.5172818,4610.646036
2012003,450,0,0,0,1,1,1,0,1,0,1,2,0,0,2012,352.5172818,4610.646036
2012003,475,0,0,1,0,0,0,0,3,2,1,1,0,0,2012,352.5172818,4610.646036
2012003,500,0,0,0,0,2,0,0,0,2,1,1,0,0,2012,352.5172818,4610.646036
2012003,525,0,0,0,0,0,0,0,1,0,2,0,1,0,2012,352.5172818,4610.646036
2012003,550,0,0,0,0,0,0,1,0,0,0,1,1,0,2012,352.5172818,4610.646036
2012003,575,0,0,0,0,0,0,0,0,0,0,1,0,1,2012,352.5172818,4610.646036
2012003,600,0,0,0,0,0,0,0,0,0,1,1,0,0,2012,352.5172818,4610.646036
2012003,625,0,0,0,0,0,0,0,0,0,0,0,0,0,2012,352.5172818,4610.646036
2012003,650,0,0,0,0,0,0,0,0,0,0,0,0,0,2012,352.5172818,4610.646036
2012003,675,0,0,0,0,0,0,0,0,0,0,0,0,0,2012,352.5172818,4610.646036
2012003,700,0,0,0,0,0,0,0,0,0,0,0,0,0,2012,352.5172818,4610.646036
2012003,725,0,0,0,0,0,0,0,0,0,0,0,0,0,2012,352.5172818,4610.646036
2012004,175,0,0,0,0,0,0,0,0,0,0,0,0,0,2012,363.3863447,4595.659261
2012004,200,0,0,0,0,0,0,0,0,0,0,0,0,0,2012,363.3863447,4595.659261
2012004,225,0,0,0,0,0,0,0,0,0,0,0,0,0,2012,363.3863447,4595.659261
2012004,250,0,0,0,0,0,0,0,0,0,0,0,0,0,2012,363.3863447,4595.659261
2012004,275,0,0,1,0,0,0,0,0,0,0,0,0,0,2012,363.3863447,4595.659261
2012004,300,0,0,0,0,0,0,0,0,0,0,0,0,0,2012,363.3863447,4595.659261
2012004,325,1,0,0,0,0,0,0,0,0,0,0,0,0,2012,363.3863447,4595.659261
2012004,350,2,0,1,3,5,1,0,1,0,0,0,0,0,2012,363.3863447,4595.659261
2012004,375,4,4,2,7,7,8,2,0,0,0,0,0,0,2012,363.3863447,4595.659261
2012004,400,1,1,1,2,2,6,0,0,0,0,0,0,0,2012,363.3863447,4595.659261
2012004,425,0,0,4,2,1,3,0,1,0,0,0,0,0,2012,363.3863447,4595.659261
2012004,450,1,1,0,3,5,3,4,3,1,0,0,0,0,2012,363.3863447,4595.659261
2012004,475,1,0,0,6,2,2,2,3,3,2,1,0,0,2012,363.3863447,4595.659261
2012004,500,0,0,1,1,0,1,2,0,3,2,1,1,0,2012,363.3863447,4595.659261
2012004,525,0,1,0,0,0,0,0,1,0,1,2,0,2,2012,363.3863447,4595.659261
2012004,550,0,0,0,1,2,0,1,1,1,0,0,2,3,2012,363.3863447,4595.659261
2012004,575,0,0,0,0,0,2,1,0,0,1,1,1,2,2012,363.3863447,4595.659261
2012004,600,0,0,0,0,0,0,0,0,1,0,1,0,0,2012,363.3863447,4595.659261
2012004,625,0,0,0,0,0,0,0,0,0,0,0,0,1,2012,363.3863447,4595.659261
2012004,650,0,0,0,0,0,0,0,1,0,1,0,1,1,2012,363.3863447,4595.659261
2012004,675,0,0,0,0,0,0,0,1,0,0,0,0,0,2012,363.3863447,4595.659261
2012004,700,0,0,0,0,0,0,0,0,0,1,0,1,0,2012,363.3863447,4595.659261
2012004,725,0,0,0,0,0,0,0,0,0,0,0,0,0,2012,363.3863447,4595.659261
2012006,175,0,0,0,0,0,0,0,0,0,0,0,0,0,2012,362.9490701,4611.772144
2012006,200,0,0,0,0,0,0,0,0,0,0,0,0,0,2012,362.9490701,4611.772144
2012006,225,0,0,0,0,0,0,0,0,0,0,0,0,0,2012,362.9490701,4611.772144
2012006,250,0,0,0,0,0,0,0,0,0,0,0,0,0,2012,362.9490701,4611.772144
2012006,275,0,0,0,0,0,0,0,0,0,0,0,0,0,2012,362.9490701,4611.772144
2012006,300,0,0,0,0,0,0,0,0,0,0,0,0,0,2012,362.9490701,4611.772144
2012006,325,0,0,0,0,0,0,0,0,0,0,0,0,0,2012,362.9490701,4611.772144
2012006,350,0,0,2,1,1,0,0,0,0,0,0,0,0,2012,362.9490701,4611.772144
2012006,375,0,0,2,4,0,3,0,0,0,0,0,0,0,2012,362.9490701,4611.772144
2012006,400,0,0,2,2,0,1,0,1,0,0,0,0,0,2012,362.9490701,4611.772144
2012006,425,0,0,0,0,2,4,0,0,0,0,0,0,0,2012,362.9490701,4611.772144
2012006,450,0,0,1,2,0,4,0,0,1,0,0,0,0,2012,362.9490701,4611.772144
2012006,475,0,0,0,4,0,0,0,2,4,0,0,0,0,2012,362.9490701,4611.772144
2012006,500,0,0,0,1,0,2,0,1,1,0,0,0,0,2012,362.9490701,4611.772144
2012006,525,0,0,0,0,0,0,0,0,1,0,0,0,1,2012,362.9490701,4611.772144
2012006,550,0,0,0,0,0,0,0,0,1,0,0,0,0,2012,362.9490701,4611.772144
2012006,575,0,0,0,0,0,1,0,0,0,0,0,0,0,2012,362.9490701,4611.772144
2012006,600,0,0,0,0,0,0,0,0,0,0,0,0,0,2012,362.9490701,4611.772144
2012006,625,0,0,0,0,0,0,0,0,0,0,0,0,0,2012,362.9490701,4611.772144
2012006,650,0,0,0,0,0,0,0,0,0,0,0,0,0,2012,362.9490701,4611.772144
2012006,675,0,0,0,0,0,0,0,0,0,0,0,0,0,2012,362.9490701,4611.772144
2012006,700,0,0,0,0,0,0,0,0,0,0,0,0,0,2012,362.9490701,4611.772144
2012006,725,0,0,0,0,0,0,0,0,0,0,0,0,0,2012,362.9490701,4611.772144
2012007,175,0,0,0,0,0,0,0,0,0,0,0,0,0,2012,376.3031609,4599.753723
2012007,200,0,0,0,0,0,0,0,0,0,0,0,0,0,2012,376.3031609,4599.753723
2012007,225,0,0,0,0,0,0,0,0,0,0,0,0,0,2012,376.3031609,4599.753723
2012007,250,0,0,0,0,0,0,0,0,0,0,0,0,0,2012,376.3031609,4599.753723
2012007,275,0,0,0,0,0,0,0,0,0,0,0,0,0,2012,376.3031609,4599.753723
2012007,300,0,0,0,0,0,0,0,0,0,0,0,0,0,2012,376.3031609,4599.753723
2012007,325,0,0,1,0,0,0,0,0,0,0,0,0,0,2012,376.3031609,4599.753723
2012007,350,0,0,0,0,0,0,0,0,0,0,0,0,0,2012,376.3031609,4599.753723
2012007,375,1,0,1,2,0,0,1,0,0,0,0,0,0,2012,376.3031609,4599.753723
2012007,400,0,0,0,1,0,1,2,0,0,0,0,0,0,2012,376.3031609,4599.753723
2012007,425,1,0,2,1,0,1,1,0,1,0,1,0,0,2012,376.3031609,4599.753723
2012007,450,0,0,0,1,0,3,0,1,0,0,0,0,0,2012,376.3031609,4599.753723
2012007,475,0,0,0,0,0,1,2,1,1,0,1,1,0,2012,376.3031609,4599.753723
2012007,500,0,0,1,1,0,1,0,1,1,0,2,0,0,2012,376.3031609,4599.753723
2012007,525,0,0,0,0,0,0,0,0,0,0,1,2,0,2012,376.3031609,4599.753723
2012007,550,0,0,0,1,0,0,0,0,0,1,0,2,0,2012,376.3031609,4599.753723
2012007,575,0,0,0,0,0,0,0,0,0,1,0,1,0,2012,376.3031609,4599.753723
2012007,600,1,0,0,0,0,0,0,0,1,0,0,0,0,2012,376.3031609,4599.753723
2012007,625,0,0,0,0,0,0,0,0,0,0,0,0,0,2012,376.3031609,4599.753723
2012007,650,0,0,0,0,0,0,0,0,0,0,0,0,0,2012,376.3031609,4599.753723
2012007,675,0,0,0,0,0,0,0,0,0,0,0,0,0,2012,376.3031609,4599.753723
2012007,700,0,0,0,0,0,0,0,0,0,0,0,0,0,2012,376.3031609,4599.753723
2012007,725,0,0,0,0,0,0,0,0,0,0,0,0,0,2012,376.3031609,4599.753723
2012008,175,0,0,0,0,0,0,0,0,0,0,0,0,0,2012,373.8988902,4591.963965
2012008,200,0,0,0,0,0,0,0,0,0,0,0,0,0,2012,373.8988902,4591.963965
2012008,225,0,0,0,0,0,0,0,0,0,0,0,0,0,2012,373.8988902,4591.963965
2012008,250,2,0,0,0,0,0,0,0,0,0,0,0,0,2012,373.8988902,4591.963965
2012008,275,0,0,0,0,0,0,0,0,0,0,0,0,0,2012,373.8988902,4591.963965
2012008,300,0,0,0,0,0,0,0,0,0,0,0,0,0,2012,373.8988902,4591.963965
2012008,325,0,0,2,0,0,0,0,0,0,0,0,0,0,2012,373.8988902,4591.963965
2012008,350,1,0,2,0,4,0,0,0,0,0,0,0,0,2012,373.8988902,4591.963965
2012008,375,1,1,2,1,13,0,0,0,0,0,0,0,0,2012,373.8988902,4591.963965
2012008,400,0,1,1,0,2,0,0,0,0,0,0,0,0,2012,373.8988902,4591.963965
2012008,425,1,3,1,0,1,0,0,0,0,0,0,0,0,2012,373.8988902,4591.963965
2012008,450,1,0,0,0,2,0,1,2,0,0,0,0,0,2012,373.8988902,4591.963965
2012008,475,0,0,0,0,0,0,1,2,0,0,0,0,0,2012,373.8988902,4591.963965
2012008,500,0,0,0,1,2,0,0,0,0,0,0,2,1,2012,373.8988902,4591.963965
2012008,525,0,0,0,0,2,0,0,0,1,0,0,2,0,2012,373.8988902,4591.963965
2012008,550,0,0,0,0,0,0,0,2,0,0,0,4,1,2012,373.8988902,4591.963965
2012008,575,0,0,0,0,0,0,0,0,0,2,2,4,0,2012,373.8988902,4591.963965
2012008,600,0,0,0,0,0,0,0,0,0,0,0,4,2,2012,373.8988902,4591.963965
2012008,625,0,0,0,0,0,0,0,0,0,0,0,2,0,2012,373.8988902,4591.963965
2012008,650,0,0,0,0,0,0,0,0,0,0,0,2,0,2012,373.8988902,4591.963965
2012008,675,0,0,0,0,0,0,0,0,0,0,0,0,0,2012,373.8988902,4591.963965
2012008,700,0,0,0,0,0,0,0,0,0,0,0,0,0,2012,373.8988902,4591.963965
2012008,725,0,0,0,0,0,0,0,0,0,0,0,0,0,2012,373.8988902,4591.963965
2012009,175,0,0,0,0,0,0,0,0,0,0,0,0,0,2012,372.6731967,4608.69067
2012009,200,0,0,0,0,0,0,0,0,0,0,0,0,0,2012,372.6731967,4608.69067
2012009,225,0,0,0,0,0,0,0,0,0,0,0,0,0,2012,372.6731967,4608.69067
2012009,250,0,0,0,0,0,0,0,0,0,0,0,0,0,2012,372.6731967,4608.69067
2012009,275,0,0,0,0,0,0,0,0,0,0,0,0,0,2012,372.6731967,4608.69067
2012009,300,0,0,0,0,0,0,0,0,0,0,0,0,0,2012,372.6731967,4608.69067
2012009,325,0,0,0,0,0,0,0,0,0,0,0,0,0,2012,372.6731967,4608.69067
2012009,350,0,0,0,0,1,0,0,0,0,0,0,0,0,2012,372.6731967,4608.69067
2012009,375,0,1,1,0,0,1,0,0,0,0,0,0,0,2012,372.6731967,4608.69067
2012009,400,0,0,0,0,0,1,1,0,0,0,0,0,0,2012,372.6731967,4608.69067
2012009,425,0,0,1,0,0,0,0,0,0,0,0,0,0,2012,372.6731967,4608.69067
2012009,450,0,0,0,0,0,0,0,0,0,0,0,0,0,2012,372.6731967,4608.69067
2012009,475,0,0,0,0,1,0,0,0,0,0,2,0,0,2012,372.6731967,4608.69067
2012009,500,0,0,0,0,0,0,0,0,0,0,0,0,0,2012,372.6731967,4608.69067
2012009,525,0,0,0,0,0,0,0,0,0,0,0,0,0,2012,372.6731967,4608.69067
2012009,550,0,0,0,0,0,0,0,0,0,2,1,0,0,2012,372.6731967,4608.69067
2012009,575,0,0,0,0,0,0,0,0,0,0,1,0,0,2012,372.6731967,4608.69067
2012009,600,0,0,1,0,0,0,0,0,1,1,0,0,1,2012,372.6731967,4608.69067
2012009,625,0,0,0,0,0,0,0,0,0,0,0,0,0,2012,372.6731967,4608.69067
2012009,650,0,0,0,0,0,0,0,0,0,0,1,0,0,2012,372.6731967,4608.69067
2012009,675,0,0,0,0,0,0,0,0,0,0,0,0,0,2012,372.6731967,4608.69067
2012009,700,0,0,0,0,0,0,0,0,0,0,0,0,1,2012,372.6731967,4608.69067
2012009,725,0,0,0,0,0,0,0,0,0,0,0,0,0,2012,372.6731967,4608.69067
2012010,175,0,0,0,0,0,0,0,0,0,0,0,0,0,2012,386.4256278,4600.915975
2012010,200,0,0,0,0,0,0,0,0,0,0,0,0,0,2012,386.4256278,4600.915975
2012010,225,0,0,0,0,0,0,0,0,0,0,0,0,0,2012,386.4256278,4600.915975
2012010,250,0,0,0,0,0,0,0,0,0,0,0,0,0,2012,386.4256278,4600.915975
2012010,275,0,0,0,0,0,0,0,0,0,0,0,0,0,2012,386.4256278,4600.915975
2012010,300,0,0,0,0,0,0,0,0,0,0,0,0,0,2012,386.4256278,4600.915975
2012010,325,0,0,0,0,0,0,0,0,0,0,0,0,0,2012,386.4256278,4600.915975
2012010,350,0,0,0,1,1,0,1,0,0,1,0,0,0,2012,386.4256278,4600.915975
2012010,375,3,1,0,2,2,0,1,3,0,0,0,0,0,2012,386.4256278,4600.915975
2012010,400,0,0,0,2,4,0,1,0,0,0,0,0,0,2012,386.4256278,4600.915975
2012010,425,0,0,0,1,0,0,0,1,0,0,0,0,0,2012,386.4256278,4600.915975
2012010,450,0,1,1,1,2,0,0,5,0,3,0,0,0,2012,386.4256278,4600.915975
2012010,475,0,0,1,1,3,0,1,10,1,2,2,0,1,2012,386.4256278,4600.915975
2012010,500,1,0,0,0,4,0,0,5,1,5,0,1,3,2012,386.4256278,4600.915975
2012010,525,0,0,0,0,1,0,0,3,0,1,1,2,4,2012,386.4256278,4600.915975
2012010,550,0,0,0,0,0,0,0,3,1,1,0,5,4,2012,386.4256278,4600.915975
2012010,575,0,0,0,0,1,0,0,0,0,0,2,1,3,2012,386.4256278,4600.915975
2012010,600,0,0,0,0,0,0,0,1,1,2,0,1,3,2012,386.4256278,4600.915975
2012010,625,0,0,0,0,1,0,0,0,0,0,0,2,1,2012,386.4256278,4600.915975
2012010,650,0,0,0,0,1,0,0,0,0,2,0,1,0,2012,386.4256278,4600.915975
2012010,675,0,0,0,0,0,0,0,0,0,1,0,1,0,2012,386.4256278,4600.915975
2012010,700,0,0,0,0,0,0,0,0,0,0,0,0,0,2012,386.4256278,4600.915975
2012010,725,0,0,0,0,0,0,0,0,0,0,0,0,0,2012,386.4256278,4600.915975
2012011,175,0,0,0,0,0,0,0,0,0,0,0,0,0,2012,376.7955147,4587.85121
2012011,200,0,0,0,0,0,0,0,0,0,0,0,0,0,2012,376.7955147,4587.85121
2012011,225,0,0,0,0,0,0,0,0,0,0,0,0,0,2012,376.7955147,4587.85121
2012011,250,0,0,0,0,0,0,0,0,0,0,0,0,0,2012,376.7955147,4587.85121
2012011,275,0,0,0,0,0,0,0,0,0,0,0,0,0,2012,376.7955147,4587.85121
2012011,300,0,0,0,0,0,0,0,0,0,0,0,0,0,2012,376.7955147,4587.85121
2012011,325,0,0,0,0,0,0,0,0,0,0,0,0,0,2012,376.7955147,4587.85121
2012011,350,0,0,1,1,0,0,0,0,0,0,0,0,0,2012,376.7955147,4587.85121
2012011,375,0,2,2,0,1,1,0,0,0,0,0,0,0,2012,376.7955147,4587.85121
2012011,400,0,1,0,1,1,1,1,1,0,0,0,0,0,2012,376.7955147,4587.85121
2012011,425,1,0,0,0,2,1,1,3,0,1,0,0,0,2012,376.7955147,4587.85121
2012011,450,0,0,0,1,2,3,1,7,0,6,0,0,0,2012,376.7955147,4587.85121
2012011,475,0,0,0,1,2,2,2,5,0,2,0,2,0,2012,376.7955147,4587.85121
2012011,500,1,0,0,1,2,2,0,4,0,4,0,2,1,2012,376.7955147,4587.85121
2012011,525,0,0,0,0,3,1,0,1,0,1,0,4,3,2012,376.7955147,4587.85121
2012011,550,0,0,1,0,1,3,0,5,0,1,0,9,5,2012,376.7955147,4587.85121
2012011,575,0,2,2,0,1,1,1,2,0,3,0,1,6,2012,376.7955147,4587.85121
2012011,600,1,0,0,0,0,2,0,0,0,0,0,1,3,2012,376.7955147,4587.85121
2012011,625,0,0,0,0,0,0,0,0,0,1,0,1,1,2012,376.7955147,4587.85121
2012011,650,0,0,0,0,0,0,0,2,0,0,0,0,0,2012,376.7955147,4587.85121
2012011,675,0,0,0,0,0,1,0,0,0,1,0,2,1,2012,376.7955147,4587.85121
2012011,700,0,0,0,0,0,0,1,0,0,0,0,0,0,2012,376.7955147,4587.85121
2012011,725,0,0,0,0,0,0,0,0,0,0,0,0,0,2012,376.7955147,4587.85121
2012012,175,0,0,0,0,0,0,0,0,0,0,0,0,0,2012,387.1775614,4588.61832
2012012,200,0,0,0,0,0,0,0,0,0,0,0,0,0,2012,387.1775614,4588.61832
2012012,225,0,0,0,0,0,0,0,0,0,0,0,0,0,2012,387.1775614,4588.61832
2012012,250,0,0,0,0,0,0,0,0,0,0,0,0,0,2012,387.1775614,4588.61832
2012012,275,0,0,0,0,0,0,0,0,0,0,0,0,0,2012,387.1775614,4588.61832
2012012,300,0,0,0,0,0,0,0,0,0,0,0,0,0,2012,387.1775614,4588.61832
2012012,325,0,0,0,0,0,0,0,0,0,0,0,0,0,2012,387.1775614,4588.61832
2012012,350,0,0,1,0,0,0,0,0,0,0,0,0,0,2012,387.1775614,4588.61832
2012012,375,0,2,2,1,3,0,0,0,0,0,0,0,0,2012,387.1775614,4588.61832
2012012,400,0,0,1,0,0,1,0,1,1,1,0,0,0,2012,387.1775614,4588.61832
2012012,425,0,0,0,0,1,0,0,2,0,1,0,0,0,2012,387.1775614,4588.61832
2012012,450,0,0,1,4,4,1,0,3,5,7,0,0,0,2012,387.1775614,4588.61832
2012012,475,0,0,1,3,3,1,0,1,5,1,4,1,1,2012,387.1775614,4588.61832
2012012,500,0,0,1,2,0,0,0,6,3,5,3,5,1,2012,387.1775614,4588.61832
2012012,525,0,0,1,4,1,0,0,3,5,6,5,6,7,2012,387.1775614,4588.61832
2012012,550,0,0,2,0,1,1,0,5,4,6,10,6,8,2012,387.1775614,4588.61832
2012012,575,0,3,0,2,1,2,0,4,4,2,3,6,5,2012,387.1775614,4588.61832
2012012,600,0,0,1,0,0,0,0,2,3,2,5,4,5,2012,387.1775614,4588.61832
2012012,625,0,1,0,0,0,0,0,1,0,1,0,1,2,2012,387.1775614,4588.61832
2012012,650,0,0,0,1,0,0,0,0,0,0,0,1,0,2012,387.1775614,4588.61832
2012012,675,0,0,0,0,0,0,0,0,1,0,1,0,0,2012,387.1775614,4588.61832
2012012,700,0,0,0,0,0,0,0,0,0,0,0,1,0,2012,387.1775614,4588.61832
2012012,725,0,0,0,0,0,0,0,0,1,0,0,0,0,2012,387.1775614,4588.61832
2012013,175,0,0,0,0,0,0,0,0,0,0,0,0,0,2012,327.1111065,4644.384794
2012013,200,0,0,0,0,0,0,0,0,0,0,0,0,0,2012,327.1111065,4644.384794
2012013,225,0,0,0,0,0,0,0,0,0,0,0,0,0,2012,327.1111065,4644.384794
2012013,250,0,0,0,0,0,0,0,0,0,0,0,0,0,2012,327.1111065,4644.384794
2012013,275,0,0,0,0,0,0,0,0,0,0,0,0,0,2012,327.1111065,4644.384794
2012013,300,0,0,0,0,0,0,0,0,0,0,0,0,0,2012,327.1111065,4644.384794
2012013,325,0,1,0,0,0,0,0,0,0,0,0,0,0,2012,327.1111065,4644.384794
2012013,350,0,2,0,0,0,0,0,0,0,0,0,0,0,2012,327.1111065,4644.384794
2012013,375,0,0,0,0,0,0,0,0,0,0,0,0,0,2012,327.1111065,4644.384794
2012013,400,0,0,0,0,0,0,0,0,0,0,0,0,0,2012,327.1111065,4644.384794
2012013,425,0,0,0,0,2,0,0,0,0,0,0,0,0,2012,327.1111065,4644.384794
2012013,450,0,2,0,0,1,0,0,0,0,0,0,0,0,2012,327.1111065,4644.384794
2012013,475,0,0,0,0,0,0,1,0,0,0,0,0,0,2012,327.1111065,4644.384794
2012013,500,0,0,0,0,0,0,0,0,1,0,0,0,0,2012,327.1111065,4644.384794
2012013,525,0,0,0,0,0,0,0,0,0,0,0,0,0,2012,327.1111065,4644.384794
2012013,550,0,0,0,0,0,0,0,0,0,0,0,0,0,2012,327.1111065,4644.384794
2012013,575,0,0,0,0,0,0,0,0,0,0,0,0,0,2012,327.1111065,4644.384794
2012013,600,0,0,0,0,0,0,0,0,0,0,0,0,0,2012,327.1111065,4644.384794
2012013,625,0,0,0,0,0,0,0,0,0,0,0,0,0,2012,327.1111065,4644.384794
2012013,650,0,0,0,0,0,0,0,0,0,0,0,0,0,2012,327.1111065,4644.384794
2012013,675,0,0,0,0,0,0,0,0,0,0,0,0,0,2012,327.1111065,4644.384794
2012013,700,0,0,0,0,0,0,0,0,0,0,0,0,0,2012,327.1111065,4644.384794
2012013,725,0,0,0,0,0,0,0,0,0,0,0,0,0,2012,327.1111065,4644.384794
2012014,175,0,0,0,0,0,0,0,0,0,0,0,0,0,2012,360.0411728,4639.494553
2012014,200,0,0,0,0,0,0,0,0,0,0,0,0,0,2012,360.0411728,4639.494553
2012014,225,0,0,0,0,0,0,0,0,0,0,0,0,0,2012,360.0411728,4639.494553
2012014,250,0,0,0,0,0,0,0,0,0,0,0,0,0,2012,360.0411728,4639.494553
2012014,275,0,0,0,0,0,0,0,0,0,0,0,0,0,2012,360.0411728,4639.494553
2012014,300,0,0,0,0,0,0,0,0,0,0,0,0,0,2012,360.0411728,4639.494553
2012014,325,0,3,1,0,0,0,0,0,0,0,0,0,0,2012,360.0411728,4639.494553
2012014,350,1,3,2,2,0,0,0,0,0,0,0,0,0,2012,360.0411728,4639.494553
2012014,375,0,1,0,1,0,1,1,0,0,0,0,0,0,2012,360.0411728,4639.494553
2012014,400,0,0,1,0,1,1,0,0,0,0,0,0,0,2012,360.0411728,4639.494553
2012014,425,0,3,2,1,1,3,0,0,0,0,0,0,0,2012,360.0411728,4639.494553
2012014,450,0,0,1,1,1,3,2,0,1,1,0,1,1,2012,360.0411728,4639.494553
2012014,475,0,0,0,1,1,1,1,0,0,0,0,1,0,2012,360.0411728,4639.494553
2012014,500,0,0,0,0,0,0,0,0,0,0,0,2,0,2012,360.0411728,4639.494553
2012014,525,0,0,0,1,0,0,0,0,1,0,0,0,0,2012,360.0411728,4639.494553
2012014,550,0,0,0,0,0,0,1,0,0,0,0,0,0,2012,360.0411728,4639.494553
2012014,575,0,0,0,0,0,0,0,0,0,0,0,0,0,2012,360.0411728,4639.494553
2012014,600,0,0,0,0,0,0,0,0,0,0,0,0,0,2012,360.0411728,4639.494553
2012014,625,0,0,0,0,0,0,0,0,0,0,0,0,0,2012,360.0411728,4639.494553
2012014,650,0,0,0,0,0,0,0,0,0,0,0,0,0,2012,360.0411728,4639.494553
2012014,675,0,0,0,0,0,0,0,0,0,0,0,0,0,2012,360.0411728,4639.494553
2012014,700,0,0,0,0,0,0,0,0,0,0,0,0,0,2012,360.0411728,4639.494553
2012014,725,0,0,0,0,0,0,0,0,0,0,0,0,0,2012,360.0411728,4639.494553
2012015,175,0,0,0,0,0,0,0,0,0,0,0,0,0,2012,371.0019466,4644.433573
2012015,200,0,0,0,0,0,0,0,0,0,0,0,0,0,2012,371.0019466,4644.433573
2012015,225,0,0,0,0,0,0,0,0,0,0,0,0,0,2012,371.0019466,4644.433573
2012015,250,0,0,0,0,0,0,0,0,0,0,0,0,0,2012,371.0019466,4644.433573
2012015,275,0,0,0,0,0,0,0,0,0,0,0,0,0,2012,371.0019466,4644.433573
2012015,300,1,0,0,1,0,0,0,0,0,0,0,0,0,2012,371.0019466,4644.433573
2012015,325,2,4,2,2,0,0,0,0,0,0,0,0,0,2012,371.0019466,4644.433573
2012015,350,2,7,1,4,1,0,0,0,0,0,0,0,0,2012,371.0019466,4644.433573
2012015,375,0,1,2,0,0,0,0,0,0,0,0,0,0,2012,371.0019466,4644.433573
2012015,400,0,2,0,0,0,0,0,0,0,0,0,0,0,2012,371.0019466,4644.433573
2012015,425,0,1,0,1,1,0,1,0,0,0,0,0,0,2012,371.0019466,4644.433573
2012015,450,0,1,1,1,1,1,1,0,0,0,0,0,0,2012,371.0019466,4644.433573
2012015,475,0,1,0,0,0,0,0,0,0,0,0,0,0,2012,371.0019466,4644.433573
2012015,500,0,0,0,0,1,0,0,0,0,0,0,0,0,2012,371.0019466,4644.433573
2012015,525,0,0,0,0,0,0,0,0,0,0,0,0,1,2012,371.0019466,4644.433573
2012015,550,0,0,0,0,0,0,0,0,0,0,0,0,0,2012,371.0019466,4644.433573
2012015,575,0,0,0,0,0,0,0,0,0,0,0,0,0,2012,371.0019466,4644.433573
2012015,600,0,0,0,0,0,0,0,0,0,0,0,0,0,2012,371.0019466,4644.433573
2012015,625,0,0,0,0,0,0,0,0,0,0,0,0,0,2012,371.0019466,4644.433573
2012015,650,0,0,0,0,0,0,0,0,0,0,0,0,0,2012,371.0019466,4644.433573
2012015,675,0,0,0,0,0,0,0,0,0,0,0,0,0,2012,371.0019466,4644.433573
2012015,700,0,0,0,0,0,0,0,0,0,0,0,0,0,2012,371.0019466,4644.433573
2012015,725,0,0,0,0,0,0,0,0,0,0,0,0,0,2012,371.0019466,4644.433573
2012016,175,0,0,0,0,0,0,0,0,0,0,0,0,0,2012,398.1449196,4643.603907
2012016,200,0,0,0,0,0,0,0,0,0,0,0,0,0,2012,398.1449196,4643.603907
2012016,225,0,0,0,0,0,0,0,0,0,0,0,0,0,2012,398.1449196,4643.603907
2012016,250,0,0,0,0,0,0,0,0,0,0,0,0,0,2012,398.1449196,4643.603907
2012016,275,0,0,0,0,0,0,0,0,0,0,0,0,0,2012,398.1449196,4643.603907
2012016,300,0,0,0,0,0,0,0,0,0,0,0,0,0,2012,398.1449196,4643.603907
2012016,325,0,0,0,0,0,0,0,0,0,0,0,0,0,2012,398.1449196,4643.603907
2012016,350,0,0,0,0,0,0,0,0,0,0,0,0,0,2012,398.1449196,4643.603907
2012016,375,0,0,0,0,0,0,0,0,0,0,0,0,0,2012,398.1449196,4643.603907
2012016,400,0,0,0,0,0,0,0,0,0,0,0,0,0,2012,398.1449196,4643.603907
2012016,425,0,0,0,0,0,0,0,0,0,0,0,0,0,2012,398.1449196,4643.603907
2012016,450,0,0,0,0,0,0,0,0,0,0,0,0,0,2012,398.1449196,4643.603907
2012016,475,0,0,0,0,0,0,0,0,0,1,0,0,0,2012,398.1449196,4643.603907
2012016,500,0,0,0,0,0,0,0,1,1,0,0,0,0,2012,398.1449196,4643.603907
2012016,525,0,0,0,0,1,0,0,0,0,0,0,0,0,2012,398.1449196,4643.603907
2012016,550,0,0,0,0,0,0,0,0,0,0,0,1,0,2012,398.1449196,4643.603907
2012016,575,0,0,0,0,0,0,0,0,0,1,0,0,0,2012,398.1449196,4643.603907
2012016,600,0,0,0,0,0,0,0,0,0,0,0,0,0,2012,398.1449196,4643.603907
2012016,625,0,0,0,0,0,0,0,0,0,0,0,0,0,2012,398.1449196,4643.603907
2012016,650,0,0,0,0,0,0,0,0,0,0,0,0,0,2012,398.1449196,4643.603907
2012016,675,0,0,0,0,0,0,0,0,0,0,0,0,0,2012,398.1449196,4643.603907
2012016,700,0,0,0,0,0,0,0,0,0,0,0,0,0,2012,398.1449196,4643.603907
2012016,725,0,0,0,0,0,0,0,0,0,0,0,0,0,2012,398.1449196,4643.603907
2012017,175,0,0,0,0,0,0,0,0,0,0,0,0,0,2012,422.4702583,4647.831126
2012017,200,0,0,0,0,0,0,0,0,0,0,0,0,0,2012,422.4702583,4647.831126
2012017,225,0,0,0,0,0,0,0,0,0,0,0,0,0,2012,422.4702583,4647.831126
2012017,250,0,0,0,0,0,0,0,0,0,0,0,0,0,2012,422.4702583,4647.831126
2012017,275,0,0,0,0,0,0,0,0,0,0,0,0,0,2012,422.4702583,4647.831126
2012017,300,0,0,0,0,0,0,0,0,0,0,0,0,0,2012,422.4702583,4647.831126
2012017,325,0,0,0,0,0,0,0,0,0,0,0,0,0,2012,422.4702583,4647.831126
2012017,350,0,0,0,0,0,0,0,0,0,0,0,0,0,2012,422.4702583,4647.831126
2012017,375,0,0,0,0,0,0,0,0,0,0,0,0,0,2012,422.4702583,4647.831126
2012017,400,0,0,0,0,0,0,0,0,0,0,0,0,0,2012,422.4702583,4647.831126
2012017,425,0,0,0,0,0,0,0,0,0,0,0,0,0,2012,422.4702583,4647.831126
2012017,450,0,0,0,1,1,0,0,0,0,0,0,0,0,2012,422.4702583,4647.831126
2012017,475,0,0,0,0,0,0,0,0,0,0,0,0,0,2012,422.4702583,4647.831126
2012017,500,0,0,0,0,0,0,0,0,0,0,0,0,0,2012,422.4702583,4647.831126
2012017,525,0,0,0,0,0,0,0,0,0,0,0,0,0,2012,422.4702583,4647.831126
2012017,550,0,0,0,0,0,0,0,0,0,0,0,0,0,2012,422.4702583,4647.831126
2012017,575,0,0,0,0,0,0,0,0,0,0,0,0,0,2012,422.4702583,4647.831126
2012017,600,0,0,0,0,0,0,0,0,0,0,0,0,0,2012,422.4702583,4647.831126
2012017,625,0,0,0,0,0,0,0,0,0,0,0,0,0,2012,422.4702583,4647.831126
2012017,650,0,0,0,0,0,0,0,0,0,0,0,0,0,2012,422.4702583,4647.831126
2012017,675,0,0,0,0,0,0,0,0,0,0,0,0,0,2012,422.4702583,4647.831126
2012017,700,0,0,0,0,0,0,0,0,0,0,0,0,0,2012,422.4702583,4647.831126
2012017,725,0,0,0,0,0,0,0,0,0,0,0,0,0,2012,422.4702583,4647.831126
2012019,175,0,0,0,0,0,0,0,0,0,0,0,0,0,2012,474.2180415,4702.860881
2012019,200,0,0,0,0,0,0,0,0,0,0,0,0,0,2012,474.2180415,4702.860881
2012019,225,0,0,0,0,0,0,0,0,0,0,0,0,0,2012,474.2180415,4702.860881
2012019,250,0,0,0,0,0,0,0,0,0,0,0,0,0,2012,474.2180415,4702.860881
2012019,275,0,0,0,0,0,0,0,0,0,0,0,0,0,2012,474.2180415,4702.860881
2012019,300,0,0,0,0,0,0,0,0,0,0,0,0,0,2012,474.2180415,4702.860881
2012019,325,0,0,0,0,0,0,0,0,0,0,0,0,0,2012,474.2180415,4702.860881
2012019,350,0,0,0,0,0,0,0,0,0,0,0,0,0,2012,474.2180415,4702.860881
2012019,375,0,0,0,0,1,0,0,0,0,0,0,0,0,2012,474.2180415,4702.860881
2012019,400,0,0,0,0,0,0,0,0,0,0,0,0,0,2012,474.2180415,4702.860881
2012019,425,0,0,0,0,0,0,0,0,0,0,0,0,0,2012,474.2180415,4702.860881
2012019,450,0,0,0,0,0,0,0,0,1,0,0,0,0,2012,474.2180415,4702.860881
2012019,475,0,1,0,0,0,0,0,0,0,1,0,0,0,2012,474.2180415,4702.860881
2012019,500,0,1,1,0,0,1,0,0,0,0,0,0,0,2012,474.2180415,4702.860881
2012019,525,0,0,0,1,0,0,0,1,0,0,0,0,0,2012,474.2180415,4702.860881
2012019,550,0,0,0,0,0,0,0,0,1,1,0,0,0,2012,474.2180415,4702.860881
2012019,575,0,0,0,0,0,0,0,1,0,0,0,0,0,2012,474.2180415,4702.860881
2012019,600,0,0,0,0,0,0,0,0,0,0,0,0,0,2012,474.2180415,4702.860881
2012019,625,0,0,0,0,0,0,0,0,0,0,0,0,0,2012,474.2180415,4702.860881
2012019,650,0,0,0,0,0,0,0,0,0,0,0,0,0,2012,474.2180415,4702.860881
2012019,675,0,0,0,0,0,0,0,0,0,0,0,0,0,2012,474.2180415,4702.860881
2012019,700,0,0,0,0,0,0,0,0,0,0,0,0,0,2012,474.2180415,4702.860881
2012019,725,0,0,0,0,0,0,0,0,0,0,0,0,0,2012,474.2180415,4702.860881
2012020,175,0,0,0,0,0,0,0,0,0,0,0,0,0,2012,460.5712628,4665.856243
2012020,200,0,0,0,0,0,0,0,0,0,0,0,0,0,2012,460.5712628,4665.856243
2012020,225,0,0,0,0,0,0,0,0,0,0,0,0,0,2012,460.5712628,4665.856243
2012020,250,0,0,0,0,0,0,0,0,0,0,0,0,0,2012,460.5712628,4665.856243
2012020,275,0,0,0,0,0,0,0,0,0,0,0,0,0,2012,460.5712628,4665.856243
2012020,300,0,0,0,0,0,0,0,0,0,0,0,0,0,2012,460.5712628,4665.856243
2012020,325,0,0,0,0,0,0,0,0,0,0,0,0,0,2012,460.5712628,4665.856243
2012020,350,0,0,0,0,0,0,0,0,0,0,0,0,0,2012,460.5712628,4665.856243
2012020,375,0,0,0,0,1,0,1,0,0,0,0,0,0,2012,460.5712628,4665.856243
2012020,400,0,0,0,0,0,0,0,0,0,0,0,0,0,2012,460.5712628,4665.856243
2012020,425,0,0,0,0,0,0,0,0,0,0,0,0,0,2012,460.5712628,4665.856243
2012020,450,0,0,0,0,0,0,0,0,0,0,0,0,0,2012,460.5712628,4665.856243
2012020,475,0,0,0,1,0,0,0,1,0,2,0,0,0,2012,460.5712628,4665.856243
2012020,500,0,0,0,0,0,0,0,1,0,0,0,0,0,2012,460.5712628,4665.856243
2012020,525,0,0,0,0,1,0,0,0,0,0,0,0,0,2012,460.5712628,4665.856243
2012020,550,0,0,0,0,0,0,0,0,0,0,0,0,0,2012,460.5712628,4665.856243
2012020,575,0,0,0,0,0,0,0,0,0,0,0,0,0,2012,460.5712628,4665.856243
2012020,600,0,0,0,0,0,0,0,0,0,0,0,0,0,2012,460.5712628,4665.856243
2012020,625,0,0,0,0,0,0,0,0,0,0,0,0,0,2012,460.5712628,4665.856243
2012020,650,0,0,0,0,0,0,0,0,0,0,0,1,0,2012,460.5712628,4665.856243
2012020,675,0,0,0,0,0,0,0,0,0,0,0,0,0,2012,460.5712628,4665.856243
2012020,700,0,0,0,0,0,0,0,0,0,0,0,0,0,2012,460.5712628,4665.856243
2012020,725,0,0,0,0,0,0,0,0,0,0,0,0,0,2012,460.5712628,4665.856243
2012021,175,0,0,0,0,0,0,0,0,0,0,0,0,0,2012,450.0955148,4689.814656
2012021,200,0,0,0,0,0,0,0,0,0,0,0,0,0,2012,450.0955148,4689.814656
2012021,225,0,0,0,0,0,0,0,0,0,0,0,0,0,2012,450.0955148,4689.814656
2012021,250,0,0,0,0,0,0,0,0,0,0,0,0,0,2012,450.0955148,4689.814656
2012021,275,0,0,0,0,0,0,0,0,0,0,0,0,0,2012,450.0955148,4689.814656
2012021,300,0,0,0,0,0,0,0,0,0,0,0,0,0,2012,450.0955148,4689.814656
2012021,325,0,0,0,0,0,0,0,0,0,0,0,0,0,2012,450.0955148,4689.814656
2012021,350,0,0,0,0,0,0,0,0,0,0,0,0,0,2012,450.0955148,4689.814656
2012021,375,0,0,0,0,1,1,0,0,0,0,0,0,0,2012,450.0955148,4689.814656
2012021,400,0,0,0,0,0,0,0,0,0,0,0,0,0,2012,450.0955148,4689.814656
2012021,425,0,0,0,0,0,0,0,0,0,0,0,0,0,2012,450.0955148,4689.814656
2012021,450,0,0,0,0,0,2,0,1,0,0,0,0,0,2012,450.0955148,4689.814656
2012021,475,0,2,0,0,0,0,0,0,1,1,0,0,0,2012,450.0955148,4689.814656
2012021,500,0,0,0,0,0,0,1,0,0,1,1,0,0,2012,450.0955148,4689.814656
2012021,525,0,0,0,0,0,0,0,0,0,0,1,0,0,2012,450.0955148,4689.814656
2012021,550,0,0,0,0,0,0,0,0,0,1,0,0,0,2012,450.0955148,4689.814656
2012021,575,0,0,0,0,0,0,0,0,1,0,1,0,1,2012,450.0955148,4689.814656
2012021,600,0,0,0,0,0,0,0,0,0,0,0,0,1,2012,450.0955148,4689.814656
2012021,625,0,0,0,0,0,0,0,0,0,0,0,0,0,2012,450.0955148,4689.814656
2012021,650,0,0,0,0,0,0,0,0,0,0,0,0,0,2012,450.0955148,4689.814656
2012021,675,0,0,0,0,0,0,0,0,0,0,0,0,0,2012,450.0955148,4689.814656
2012021,700,0,0,0,0,0,0,0,0,0,0,0,0,0,2012,450.0955148,4689.814656
2012021,725,0,0,0,0,0,0,0,0,0,0,0,0,0,2012,450.0955148,4689.814656
2013001,175,0,0,0,0,0,0,0,0,0,0,0,0,0,2013,363.4223923,4595.649249
2013001,200,0,0,0,0,0,0,0,0,0,0,0,0,0,2013,363.4223923,4595.649249
2013001,225,0,0,0,0,0,0,0,0,0,0,0,0,0,2013,363.4223923,4595.649249
2013001,250,0,0,0,0,0,0,0,0,0,0,0,0,0,2013,363.4223923,4595.649249
2013001,275,0,0,0,0,0,0,0,0,0,0,0,0,0,2013,363.4223923,4595.649249
2013001,300,0,0,0,0,0,0,0,0,0,0,0,0,0,2013,363.4223923,4595.649249
2013001,325,0,0,0,0,0,0,0,0,0,0,0,0,0,2013,363.4223923,4595.649249
2013001,350,0,1,2,1,0,0,1,0,0,0,0,0,0,2013,363.4223923,4595.649249
2013001,375,3,3,1,0,0,0,1,0,0,0,0,0,2,2013,363.4223923,4595.649249
2013001,400,0,2,0,3,1,0,0,0,0,0,0,0,0,2013,363.4223923,4595.649249
2013001,425,1,2,6,5,2,0,0,0,0,0,0,1,0,2013,363.4223923,4595.649249
2013001,450,0,3,1,1,2,0,0,0,1,1,0,0,2,2013,363.4223923,4595.649249
2013001,475,1,2,1,2,1,0,0,1,1,0,0,0,1,2013,363.4223923,4595.649249
2013001,500,0,0,1,0,0,0,0,1,1,0,0,1,0,2013,363.4223923,4595.649249
2013001,525,0,1,1,0,0,0,0,1,1,0,0,5,1,2013,363.4223923,4595.649249
2013001,550,0,0,0,0,1,0,0,2,1,1,0,2,0,2013,363.4223923,4595.649249
2013001,575,0,0,0,0,0,0,0,1,0,0,0,2,0,2013,363.4223923,4595.649249
2013001,600,0,0,0,0,0,0,0,0,0,0,0,0,2,2013,363.4223923,4595.649249
2013001,625,0,0,0,0,0,0,0,0,0,0,0,0,0,2013,363.4223923,4595.649249
2013001,650,0,0,0,0,0,0,0,0,0,0,0,0,0,2013,363.4223923,4595.649249
2013001,675,0,0,0,0,0,0,0,0,0,0,0,0,0,2013,363.4223923,4595.649249
2013001,700,0,0,0,0,0,0,0,0,0,0,0,0,0,2013,363.4223923,4595.649249
2013001,725,0,0,0,0,0,0,0,0,0,0,0,0,0,2013,363.4223923,4595.649249
2013002,175,0,0,0,0,0,0,0,0,0,0,0,0,0,2013,372.7771666,4608.759204
2013002,200,0,0,0,0,0,0,0,0,0,0,0,0,0,2013,372.7771666,4608.759204
2013002,225,0,0,0,0,0,0,0,0,0,0,0,0,0,2013,372.7771666,4608.759204
2013002,250,0,0,0,0,0,0,0,0,0,0,0,0,0,2013,372.7771666,4608.759204
2013002,275,0,0,0,0,0,0,0,0,0,0,0,0,0,2013,372.7771666,4608.759204
2013002,300,0,0,0,0,0,0,0,0,0,0,0,0,0,2013,372.7771666,4608.759204
2013002,325,0,0,0,0,0,0,0,0,0,0,0,0,0,2013,372.7771666,4608.759204
2013002,350,0,0,0,1,0,0,0,0,0,0,0,0,0,2013,372.7771666,4608.759204
2013002,375,2,1,4,0,2,1,1,0,0,0,0,0,0,2013,372.7771666,4608.759204
2013002,400,0,0,1,0,3,0,0,0,0,0,0,0,0,2013,372.7771666,4608.759204
2013002,425,0,1,3,3,1,0,0,1,0,0,0,0,0,2013,372.7771666,4608.759204
2013002,450,1,1,4,2,1,1,2,5,1,1,0,0,0,2013,372.7771666,4608.759204
2013002,475,0,1,1,1,7,1,1,0,6,0,0,0,0,2013,372.7771666,4608.759204
2013002,500,0,0,1,3,2,0,3,2,1,0,3,0,0,2013,372.7771666,4608.759204
2013002,525,0,0,1,0,1,0,1,0,1,0,0,0,0,2013,372.7771666,4608.759204
2013002,550,0,0,0,0,0,0,1,0,0,1,0,0,0,2013,372.7771666,4608.759204
2013002,575,0,0,0,0,0,0,0,0,0,0,0,0,1,2013,372.7771666,4608.759204
2013002,600,0,0,0,0,0,0,0,0,0,0,0,0,0,2013,372.7771666,4608.759204
2013002,625,0,0,0,0,1,0,0,0,0,0,0,0,0,2013,372.7771666,4608.759204
2013002,650,0,0,0,0,0,0,0,0,0,0,0,0,0,2013,372.7771666,4608.759204
2013002,675,0,0,0,0,0,0,0,0,0,0,0,0,0,2013,372.7771666,4608.759204
2013002,700,0,0,0,0,0,0,0,0,0,0,0,0,0,2013,372.7771666,4608.759204
2013002,725,0,0,0,0,0,0,0,0,0,0,0,0,0,2013,372.7771666,4608.759204
2013003,175,0,0,0,0,0,0,0,0,0,0,0,0,0,2013,373.9656903,4592.123868
2013003,200,0,0,0,0,0,0,0,0,0,0,0,0,0,2013,373.9656903,4592.123868
2013003,225,0,0,0,0,0,0,0,0,0,0,0,0,0,2013,373.9656903,4592.123868
2013003,250,0,0,0,0,0,0,0,0,0,0,0,0,0,2013,373.9656903,4592.123868
2013003,275,0,0,0,0,0,0,0,0,0,0,0,0,0,2013,373.9656903,4592.123868
2013003,300,0,0,0,0,0,0,0,0,0,0,0,0,0,2013,373.9656903,4592.123868
2013003,325,0,0,0,0,0,0,0,0,0,0,0,0,0,2013,373.9656903,4592.123868
2013003,350,0,0,0,1,0,0,0,0,0,0,0,0,0,2013,373.9656903,4592.123868
2013003,375,0,0,0,1,1,1,2,0,0,0,0,0,0,2013,373.9656903,4592.123868
2013003,400,0,0,2,1,2,0,0,0,0,0,0,0,0,2013,373.9656903,4592.123868
2013003,425,1,0,1,0,1,0,0,1,0,0,0,0,0,2013,373.9656903,4592.123868
2013003,450,1,2,2,1,1,0,3,2,0,0,0,0,0,2013,373.9656903,4592.123868
2013003,475,0,2,1,2,1,1,4,0,0,0,2,0,0,2013,373.9656903,4592.123868
2013003,500,0,0,0,0,0,1,1,0,0,0,0,0,0,2013,373.9656903,4592.123868
2013003,525,0,0,0,0,0,1,1,0,0,0,2,0,0,2013,373.9656903,4592.123868
2013003,550,0,0,0,0,0,0,0,0,0,0,1,1,1,2013,373.9656903,4592.123868
2013003,575,0,0,0,0,0,0,0,0,0,0,2,0,2,2013,373.9656903,4592.123868
2013003,600,0,0,0,0,0,0,1,0,0,0,0,0,0,2013,373.9656903,4592.123868
2013003,625,0,0,0,0,0,0,0,0,0,0,0,0,0,2013,373.9656903,4592.123868
2013003,650,0,0,0,0,0,0,0,0,0,0,0,0,0,2013,373.9656903,4592.123868
2013003,675,0,0,0,0,0,0,0,0,0,0,0,0,0,2013,373.9656903,4592.123868
2013003,700,0,0,0,0,0,0,0,0,0,0,0,0,0,2013,373.9656903,4592.123868
2013003,725,0,0,0,0,0,0,0,0,0,0,0,0,0,2013,373.9656903,4592.123868
2013004,175,0,0,0,0,0,0,0,0,0,0,0,0,0,2013,386.4049404,4600.836677
2013004,200,0,0,0,0,0,0,0,0,0,0,0,0,0,2013,386.4049404,4600.836677
2013004,225,0,0,0,0,0,0,0,0,0,0,0,0,0,2013,386.4049404,4600.836677
2013004,250,0,0,0,0,0,0,0,0,0,0,0,0,0,2013,386.4049404,4600.836677
2013004,275,0,0,0,0,0,0,0,0,0,0,0,0,0,2013,386.4049404,4600.836677
2013004,300,0,0,0,0,0,0,0,0,0,0,0,0,0,2013,386.4049404,4600.836677
2013004,325,0,0,0,0,0,0,0,0,0,0,0,0,0,2013,386.4049404,4600.836677
2013004,350,0,0,0,0,0,0,0,0,0,0,0,0,0,2013,386.4049404,4600.836677
2013004,375,1,0,1,0,1,0,0,0,0,0,0,0,0,2013,386.4049404,4600.836677
2013004,400,0,1,0,0,0,1,0,0,0,0,0,0,0,2013,386.4049404,4600.836677
2013004,425,0,0,1,1,0,0,0,1,1,0,0,0,0,2013,386.4049404,4600.836677
2013004,450,0,1,2,3,4,0,3,4,4,0,0,0,0,2013,386.4049404,4600.836677
2013004,475,0,0,0,2,0,2,3,1,2,1,0,0,0,2013,386.4049404,4600.836677
2013004,500,0,0,2,0,1,2,2,1,0,1,0,0,1,2013,386.4049404,4600.836677
2013004,525,0,0,0,3,0,2,2,1,2,0,0,1,0,2013,386.4049404,4600.836677
2013004,550,0,0,0,0,0,1,0,1,0,0,0,0,0,2013,386.4049404,4600.836677
2013004,575,0,0,0,0,0,0,0,0,0,0,1,0,1,2013,386.4049404,4600.836677
2013004,600,0,0,0,0,0,1,1,0,0,0,0,0,0,2013,386.4049404,4600.836677
2013004,625,0,0,0,0,0,0,0,0,0,0,0,0,0,2013,386.4049404,4600.836677
2013004,650,0,0,0,0,0,0,0,0,0,0,0,0,0,2013,386.4049404,4600.836677
2013004,675,0,0,0,0,0,0,0,0,0,0,0,0,0,2013,386.4049404,4600.836677
2013004,700,0,0,0,0,0,0,0,0,0,0,0,0,0,2013,386.4049404,4600.836677
2013004,725,0,0,0,0,0,0,0,0,0,0,0,0,0,2013,386.4049404,4600.836677
2013005,175,0,0,0,0,0,0,0,0,0,0,0,0,0,2013,387.1138879,4588.643337
2013005,200,0,0,0,0,0,0,0,0,0,0,0,0,0,2013,387.1138879,4588.643337
2013005,225,0,0,0,0,0,0,0,0,0,0,0,0,0,2013,387.1138879,4588.643337
2013005,250,0,0,0,0,0,0,0,0,0,0,0,0,0,2013,387.1138879,4588.643337
2013005,275,0,0,0,0,0,0,0,0,0,0,0,0,0,2013,387.1138879,4588.643337
2013005,300,0,0,0,0,0,0,0,0,0,0,0,0,0,2013,387.1138879,4588.643337
2013005,325,0,0,0,0,0,0,0,0,0,0,0,0,0,2013,387.1138879,4588.643337
2013005,350,0,0,0,0,0,1,0,0,0,0,0,0,0,2013,387.1138879,4588.643337
2013005,375,0,0,0,0,2,0,1,0,0,0,0,0,0,2013,387.1138879,4588.643337
2013005,400,0,1,2,1,0,0,0,2,0,0,0,0,0,2013,387.1138879,4588.643337
2013005,425,0,0,0,0,0,0,1,0,0,0,0,0,0,2013,387.1138879,4588.643337
2013005,450,0,2,0,1,3,1,0,0,1,1,0,0,0,2013,387.1138879,4588.643337
2013005,475,0,0,1,1,0,1,1,0,2,1,0,0,1,2013,387.1138879,4588.643337
2013005,500,0,0,0,1,2,0,0,2,1,0,1,0,0,2013,387.1138879,4588.643337
2013005,525,0,0,0,0,0,0,0,0,0,1,0,3,0,2013,387.1138879,4588.643337
2013005,550,0,0,0,0,1,1,0,0,2,0,0,0,0,2013,387.1138879,4588.643337
2013005,575,0,0,0,0,0,1,0,0,1,1,0,1,1,2013,387.1138879,4588.643337
2013005,600,0,0,0,1,0,0,0,0,0,0,2,0,1,2013,387.1138879,4588.643337
2013005,625,0,0,0,0,0,0,0,0,0,0,1,0,0,2013,387.1138879,4588.643337
2013005,650,0,0,0,0,0,0,0,0,0,0,0,0,0,2013,387.1138879,4588.643337
2013005,675,0,0,0,0,0,0,0,0,0,0,0,0,0,2013,387.1138879,4588.643337
2013005,700,0,0,0,0,0,0,0,0,0,0,0,0,0,2013,387.1138879,4588.643337
2013005,725,0,0,0,0,0,0,0,0,0,0,0,0,0,2013,387.1138879,4588.643337
2013006,175,0,0,0,0,0,0,0,0,0,0,0,0,0,2013,375.9803028,4600.144606
2013006,200,0,0,0,0,0,0,0,0,0,0,0,0,0,2013,375.9803028,4600.144606
2013006,225,0,0,0,0,0,0,0,0,0,0,0,0,0,2013,375.9803028,4600.144606
2013006,250,0,0,0,0,0,0,0,0,0,0,0,0,0,2013,375.9803028,4600.144606
2013006,275,0,0,0,0,0,0,0,0,0,0,0,0,0,2013,375.9803028,4600.144606
2013006,300,0,0,0,0,0,0,0,0,0,0,0,0,0,2013,375.9803028,4600.144606
2013006,325,0,0,0,0,0,0,0,0,0,0,0,0,0,2013,375.9803028,4600.144606
2013006,350,0,0,0,0,0,0,0,0,0,0,0,0,0,2013,375.9803028,4600.144606
2013006,375,0,0,0,0,0,1,0,0,0,0,0,0,0,2013,375.9803028,4600.144606
2013006,400,0,0,1,0,0,0,0,0,0,0,0,0,0,2013,375.9803028,4600.144606
2013006,425,0,0,0,0,0,0,1,0,0,0,0,0,0,2013,375.9803028,4600.144606
2013006,450,0,0,0,0,0,0,1,4,2,0,0,0,0,2013,375.9803028,4600.144606
2013006,475,0,0,0,0,1,1,0,1,2,0,0,0,0,2013,375.9803028,4600.144606
2013006,500,0,0,0,0,0,1,0,0,1,0,1,0,0,2013,375.9803028,4600.144606
2013006,525,0,0,0,0,0,0,0,0,0,0,0,0,0,2013,375.9803028,4600.144606
2013006,550,0,0,0,0,0,0,0,1,1,0,0,2,0,2013,375.9803028,4600.144606
2013006,575,0,0,0,0,0,0,0,0,1,0,0,0,0,2013,375.9803028,4600.144606
2013006,600,0,0,0,0,0,0,0,0,0,0,0,0,0,2013,375.9803028,4600.144606
2013006,625,0,0,0,0,0,0,0,0,0,0,0,0,0,2013,375.9803028,4600.144606
2013006,650,0,0,0,0,0,0,0,0,0,0,0,0,0,2013,375.9803028,4600.144606
2013006,675,0,0,0,0,0,0,0,0,0,0,0,0,0,2013,375.9803028,4600.144606
2013006,700,0,0,0,0,0,0,0,0,0,0,0,0,0,2013,375.9803028,4600.144606
2013006,725,0,0,0,0,0,0,0,0,0,0,0,0,0,2013,375.9803028,4600.144606
2013007,175,0,0,0,0,0,0,0,0,0,0,0,0,0,2013,372.7625958,4585.698083
2013007,200,0,0,0,0,0,0,0,0,0,0,0,0,0,2013,372.7625958,4585.698083
2013007,225,0,0,0,0,0,0,0,0,0,0,0,0,0,2013,372.7625958,4585.698083
2013007,250,0,0,0,0,0,0,0,0,0,0,0,0,0,2013,372.7625958,4585.698083
2013007,275,0,0,0,0,0,0,0,0,0,0,0,0,0,2013,372.7625958,4585.698083
2013007,300,0,0,0,0,0,0,0,0,0,0,0,0,0,2013,372.7625958,4585.698083
2013007,325,0,0,0,0,0,0,0,0,0,0,0,0,0,2013,372.7625958,4585.698083
2013007,350,0,0,0,0,0,0,0,0,0,0,0,0,0,2013,372.7625958,4585.698083
2013007,375,0,0,0,0,0,0,0,0,0,0,0,0,0,2013,372.7625958,4585.698083
2013007,400,0,0,0,0,0,0,0,0,0,0,0,0,0,2013,372.7625958,4585.698083
2013007,425,0,0,1,0,0,0,1,0,1,1,0,0,0,2013,372.7625958,4585.698083
2013007,450,0,1,0,0,0,0,0,0,1,0,1,0,0,2013,372.7625958,4585.698083
2013007,475,0,0,0,0,1,0,2,0,2,2,0,0,0,2013,372.7625958,4585.698083
2013007,500,0,1,0,0,0,0,0,1,1,2,4,0,0,2013,372.7625958,4585.698083
2013007,525,0,0,0,0,0,0,0,0,2,2,0,0,2,2013,372.7625958,4585.698083
2013007,550,0,0,0,0,0,0,2,0,0,2,2,0,3,2013,372.7625958,4585.698083
2013007,575,0,0,0,1,1,0,0,2,0,0,0,0,2,2013,372.7625958,4585.698083
2013007,600,0,0,0,0,0,0,0,0,0,1,0,0,0,2013,372.7625958,4585.698083
2013007,625,0,0,0,0,0,0,0,0,0,0,0,0,4,2013,372.7625958,4585.698083
2013007,650,0,0,0,0,0,0,0,0,0,0,0,1,1,2013,372.7625958,4585.698083
2013007,675,0,0,0,0,0,0,0,0,0,0,0,0,0,2013,372.7625958,4585.698083
2013007,700,0,0,0,0,0,0,0,0,0,0,1,0,0,2013,372.7625958,4585.698083
2013007,725,0,0,0,0,0,0,0,0,0,0,0,0,0,2013,372.7625958,4585.698083
2013008,175,0,0,0,0,0,0,0,0,0,0,0,0,0,2013,366.9503516,4648.747536
2013008,200,0,0,0,0,0,0,0,0,0,0,0,0,0,2013,366.9503516,4648.747536
2013008,225,0,0,0,0,0,0,0,0,0,0,0,0,0,2013,366.9503516,4648.747536
2013008,250,0,0,0,0,0,0,0,0,0,0,0,0,0,2013,366.9503516,4648.747536
2013008,275,0,0,0,0,0,0,0,0,0,0,0,0,0,2013,366.9503516,4648.747536
2013008,300,0,0,0,0,0,0,0,0,0,0,0,0,0,2013,366.9503516,4648.747536
2013008,325,1,0,1,1,0,0,0,0,0,0,0,0,0,2013,366.9503516,4648.747536
2013008,350,1,0,2,2,0,0,0,1,0,0,0,0,0,2013,366.9503516,4648.747536
2013008,375,0,0,0,2,0,0,0,0,0,0,0,0,0,2013,366.9503516,4648.747536
2013008,400,0,0,0,0,2,0,0,0,0,0,0,0,0,2013,366.9503516,4648.747536
2013008,425,0,0,2,2,2,2,0,1,0,0,0,0,0,2013,366.9503516,4648.747536
2013008,450,0,0,0,0,1,0,1,0,0,0,0,0,0,2013,366.9503516,4648.747536
2013008,475,0,0,0,0,0,0,1,0,0,0,0,0,0,2013,366.9503516,4648.747536
2013008,500,0,0,0,0,0,1,0,0,0,0,0,0,0,2013,366.9503516,4648.747536
2013008,525,0,0,0,0,0,0,2,0,0,0,0,0,0,2013,366.9503516,4648.747536
2013008,550,0,0,0,0,0,0,0,0,0,0,0,0,0,2013,366.9503516,4648.747536
2013008,575,0,0,0,0,0,0,0,0,0,0,0,0,0,2013,366.9503516,4648.747536
2013008,600,0,0,0,0,0,0,0,0,0,0,0,0,0,2013,366.9503516,4648.747536
2013008,625,0,0,0,0,0,0,0,0,0,0,0,0,0,2013,366.9503516,4648.747536
2013008,650,0,0,0,0,0,0,0,0,0,0,0,0,0,2013,366.9503516,4648.747536
2013008,675,0,0,0,0,0,0,0,0,0,0,0,0,0,2013,366.9503516,4648.747536
2013008,700,0,0,0,0,0,0,0,0,0,0,0,0,0,2013,366.9503516,4648.747536
2013008,725,0,0,0,0,0,0,0,0,0,0,0,0,0,2013,366.9503516,4648.747536
2013009,175,0,0,0,0,0,0,0,0,0,0,0,0,0,2013,352.9731933,4648.856805
2013009,200,0,0,0,0,0,0,0,0,0,0,0,0,0,2013,352.9731933,4648.856805
2013009,225,0,0,0,0,0,0,0,0,0,0,0,0,0,2013,352.9731933,4648.856805
2013009,250,0,0,0,0,0,0,0,0,0,0,0,0,0,2013,352.9731933,4648.856805
2013009,275,0,0,0,0,0,0,0,0,0,0,0,0,0,2013,352.9731933,4648.856805
2013009,300,0,0,0,0,0,0,0,0,0,0,0,0,0,2013,352.9731933,4648.856805
2013009,325,1,2,2,2,0,0,0,0,0,0,0,0,0,2013,352.9731933,4648.856805
2013009,350,1,3,1,1,1,0,0,0,0,0,0,0,0,2013,352.9731933,4648.856805
2013009,375,1,0,0,0,0,0,0,0,0,0,0,0,0,2013,352.9731933,4648.856805
2013009,400,0,1,1,1,0,0,0,0,0,0,0,0,0,2013,352.9731933,4648.856805
2013009,425,0,0,0,1,1,0,1,0,1,0,0,0,0,2013,352.9731933,4648.856805
2013009,450,0,0,3,2,0,3,2,0,0,0,0,0,0,2013,352.9731933,4648.856805
2013009,475,0,0,0,0,0,1,1,0,0,0,0,0,0,2013,352.9731933,4648.856805
2013009,500,0,0,0,0,1,0,1,0,0,1,0,0,0,2013,352.9731933,4648.856805
2013009,525,0,0,0,1,0,0,0,0,0,0,0,0,0,2013,352.9731933,4648.856805
2013009,550,0,0,0,0,0,0,1,0,0,0,0,0,0,2013,352.9731933,4648.856805
2013009,575,0,0,0,0,0,0,0,0,0,0,0,0,0,2013,352.9731933,4648.856805
2013009,600,0,0,0,0,0,0,0,0,0,0,0,0,0,2013,352.9731933,4648.856805
2013009,625,0,0,0,0,0,0,0,0,0,0,0,0,0,2013,352.9731933,4648.856805
2013009,650,0,0,0,0,0,0,0,0,0,0,0,0,0,2013,352.9731933,4648.856805
2013009,675,0,0,0,0,0,0,0,0,0,0,0,0,0,2013,352.9731933,4648.856805
2013009,700,0,0,0,0,0,0,0,0,0,0,0,0,0,2013,352.9731933,4648.856805
2013009,725,0,0,0,0,0,0,0,0,0,0,0,0,0,2013,352.9731933,4648.856805
2013010,175,0,0,0,0,0,0,0,0,0,0,0,0,0,2013,352.9133991,4635.269188
2013010,200,0,0,0,0,0,0,0,0,0,0,0,0,0,2013,352.9133991,4635.269188
2013010,225,0,0,0,0,0,0,0,0,0,0,0,0,0,2013,352.9133991,4635.269188
2013010,250,0,0,0,0,0,0,0,0,0,0,0,0,0,2013,352.9133991,4635.269188
2013010,275,0,0,0,0,0,0,0,0,0,0,0,0,0,2013,352.9133991,4635.269188
2013010,300,0,0,0,0,0,0,0,0,0,0,0,0,0,2013,352.9133991,4635.269188
2013010,325,0,0,1,0,0,0,0,0,0,0,0,0,0,2013,352.9133991,4635.269188
2013010,350,5,5,6,5,3,0,0,0,0,0,0,0,0,2013,352.9133991,4635.269188
2013010,375,0,1,0,0,2,0,0,0,0,0,0,0,0,2013,352.9133991,4635.269188
2013010,400,2,1,0,1,1,0,2,0,0,0,0,0,0,2013,352.9133991,4635.269188
2013010,425,0,0,2,2,2,0,3,0,0,0,0,0,0,2013,352.9133991,4635.269188
2013010,450,1,0,4,1,0,3,1,2,1,0,0,0,0,2013,352.9133991,4635.269188
2013010,475,0,0,0,0,1,0,2,1,0,0,0,0,0,2013,352.9133991,4635.269188
2013010,500,0,0,0,1,0,0,0,0,0,0,0,0,0,2013,352.9133991,4635.269188
2013010,525,0,0,0,0,0,0,0,1,1,0,0,0,0,2013,352.9133991,4635.269188
2013010,550,0,0,0,0,0,0,0,0,1,0,0,0,0,2013,352.9133991,4635.269188
2013010,575,0,0,0,0,0,0,0,1,0,0,0,0,1,2013,352.9133991,4635.269188
2013010,600,0,0,0,0,0,0,0,0,0,0,0,0,0,2013,352.9133991,4635.269188
2013010,625,0,0,0,0,0,0,0,0,0,0,0,0,0,2013,352.9133991,4635.269188
2013010,650,0,0,0,0,0,0,0,0,0,0,0,0,0,2013,352.9133991,4635.269188
2013010,675,0,0,0,0,0,0,0,0,0,0,0,0,0,2013,352.9133991,4635.269188
2013010,700,0,0,0,0,0,0,0,0,0,0,0,0,0,2013,352.9133991,4635.269188
2013010,725,0,0,0,0,0,0,0,0,0,0,0,0,0,2013,352.9133991,4635.269188
2013011,175,0,0,0,0,0,0,0,0,0,0,0,0,0,2013,370.1188853,4630.103381
2013011,200,0,0,0,0,0,0,0,0,0,0,0,0,0,2013,370.1188853,4630.103381
2013011,225,0,0,0,0,0,0,0,0,0,0,0,0,0,2013,370.1188853,4630.103381
2013011,250,0,0,0,0,0,0,0,0,0,0,0,0,0,2013,370.1188853,4630.103381
2013011,275,0,0,0,0,0,0,0,0,0,0,0,0,0,2013,370.1188853,4630.103381
2013011,300,0,0,0,0,0,0,0,0,0,0,0,0,0,2013,370.1188853,4630.103381
2013011,325,0,0,0,0,0,0,0,0,0,0,0,0,0,2013,370.1188853,4630.103381
2013011,350,2,2,3,0,0,0,0,0,0,0,0,0,0,2013,370.1188853,4630.103381
2013011,375,0,0,0,1,0,0,0,0,0,0,0,0,0,2013,370.1188853,4630.103381
2013011,400,0,0,1,0,1,0,0,0,0,0,0,0,0,2013,370.1188853,4630.103381
2013011,425,0,1,2,1,4,1,0,1,1,1,0,0,0,2013,370.1188853,4630.103381
2013011,450,0,1,0,3,1,1,0,3,0,0,0,0,0,2013,370.1188853,4630.103381
2013011,475,0,1,0,0,0,0,0,2,2,0,1,0,0,2013,370.1188853,4630.103381
2013011,500,0,1,1,1,1,0,0,1,1,0,1,0,0,2013,370.1188853,4630.103381
2013011,525,0,0,0,0,0,0,0,1,0,2,1,0,0,2013,370.1188853,4630.103381
2013011,550,0,0,0,0,0,0,1,2,2,0,0,0,2,2013,370.1188853,4630.103381
2013011,575,0,0,0,0,0,0,0,1,0,1,0,1,0,2013,370.1188853,4630.103381
2013011,600,0,0,0,0,0,0,0,1,1,0,0,0,0,2013,370.1188853,4630.103381
2013011,625,0,0,0,0,0,0,0,0,0,0,0,0,1,2013,370.1188853,4630.103381
2013011,650,0,0,0,0,0,0,0,0,0,0,0,0,0,2013,370.1188853,4630.103381
2013011,675,0,0,0,0,0,0,0,0,0,0,0,0,0,2013,370.1188853,4630.103381
2013011,700,0,0,0,0,0,0,0,0,0,0,0,0,0,2013,370.1188853,4630.103381
2013011,725,0,0,0,0,0,0,0,0,0,0,0,0,0,2013,370.1188853,4630.103381
2013012,175,0,0,0,0,0,0,0,0,0,0,0,0,0,2013,381.1569047,4615.991688
2013012,200,0,0,0,0,0,0,0,0,0,0,0,0,0,2013,381.1569047,4615.991688
2013012,225,0,0,0,0,0,0,0,0,0,0,0,0,0,2013,381.1569047,4615.991688
2013012,250,0,0,0,0,0,0,0,0,0,0,0,0,0,2013,381.1569047,4615.991688
2013012,275,0,0,0,0,0,0,0,0,0,0,0,0,0,2013,381.1569047,4615.991688
2013012,300,0,0,0,0,0,0,0,0,0,0,0,0,0,2013,381.1569047,4615.991688
2013012,325,0,0,0,0,0,0,0,0,0,0,0,0,0,2013,381.1569047,4615.991688
2013012,350,0,0,1,0,0,0,0,0,0,0,0,0,0,2013,381.1569047,4615.991688
2013012,375,0,0,0,0,1,0,0,1,0,0,0,0,0,2013,381.1569047,4615.991688
2013012,400,0,0,0,0,0,0,0,0,0,0,0,0,0,2013,381.1569047,4615.991688
2013012,425,0,0,0,0,0,0,0,1,0,0,0,0,0,2013,381.1569047,4615.991688
2013012,450,0,0,0,0,0,0,0,1,0,0,0,0,0,2013,381.1569047,4615.991688
2013012,475,0,0,0,0,0,0,0,1,1,0,0,1,1,2013,381.1569047,4615.991688
2013012,500,0,0,0,0,0,0,0,0,0,0,0,0,0,2013,381.1569047,4615.991688
2013012,525,0,0,0,0,0,0,0,1,0,0,0,0,1,2013,381.1569047,4615.991688
2013012,550,0,0,0,0,0,0,0,0,0,1,0,0,1,2013,381.1569047,4615.991688
2013012,575,0,0,0,0,0,0,0,0,0,0,0,0,0,2013,381.1569047,4615.991688
2013012,600,0,0,0,0,0,0,0,0,0,0,0,0,0,2013,381.1569047,4615.991688
2013012,625,0,0,0,0,0,0,0,0,0,0,0,0,0,2013,381.1569047,4615.991688
2013012,650,0,0,0,0,0,0,0,0,0,0,0,0,0,2013,381.1569047,4615.991688
2013012,675,0,0,0,0,0,0,0,0,0,0,0,0,0,2013,381.1569047,4615.991688
2013012,700,0,0,0,0,0,0,0,0,0,0,0,0,0,2013,381.1569047,4615.991688
2013012,725,0,0,0,0,0,0,0,0,0,0,0,0,0,2013,381.1569047,4615.991688
2013013,175,0,0,0,0,0,0,0,0,0,0,0,0,0,2013,394.3129585,4625.613666
2013013,200,0,0,0,0,0,0,0,0,0,0,0,0,0,2013,394.3129585,4625.613666
2013013,225,0,0,0,0,0,0,0,0,0,0,0,0,0,2013,394.3129585,4625.613666
2013013,250,0,0,0,0,0,0,0,0,0,0,0,0,0,2013,394.3129585,4625.613666
2013013,275,0,0,0,0,0,0,0,0,0,0,0,0,0,2013,394.3129585,4625.613666
2013013,300,0,0,0,0,0,0,0,0,0,0,0,0,0,2013,394.3129585,4625.613666
2013013,325,0,0,0,0,0,0,0,0,0,0,0,0,0,2013,394.3129585,4625.613666
2013013,350,0,0,0,0,0,0,0,0,0,0,0,0,0,2013,394.3129585,4625.613666
2013013,375,0,0,0,2,0,1,1,0,0,0,0,0,1,2013,394.3129585,4625.613666
2013013,400,0,0,0,0,0,0,0,0,0,0,0,0,1,2013,394.3129585,4625.613666
2013013,425,0,0,0,0,0,1,1,0,1,0,0,0,1,2013,394.3129585,4625.613666
2013013,450,0,0,1,1,0,1,2,1,0,0,0,1,0,2013,394.3129585,4625.613666
2013013,475,1,0,0,2,1,0,0,2,2,2,0,0,0,2013,394.3129585,4625.613666
2013013,500,0,0,0,0,1,1,1,0,0,1,0,1,0,2013,394.3129585,4625.613666
2013013,525,0,0,1,0,1,1,4,0,2,1,0,0,0,2013,394.3129585,4625.613666
2013013,550,0,0,0,1,1,0,0,0,2,0,0,0,1,2013,394.3129585,4625.613666
2013013,575,0,0,0,0,0,0,0,0,0,0,0,0,0,2013,394.3129585,4625.613666
2013013,600,0,0,0,0,0,0,0,0,0,0,0,0,0,2013,394.3129585,4625.613666
2013013,625,0,0,0,0,0,0,0,0,0,0,0,0,0,2013,394.3129585,4625.613666
2013013,650,0,0,0,0,0,0,0,0,0,0,0,0,0,2013,394.3129585,4625.613666
2013013,675,0,0,0,0,0,0,0,1,1,0,0,0,0,2013,394.3129585,4625.613666
2013013,700,0,0,0,0,0,0,0,0,0,0,0,0,0,2013,394.3129585,4625.613666
2013013,725,0,0,0,0,0,0,0,0,0,0,0,0,0,2013,394.3129585,4625.613666
2013014,175,0,0,0,0,0,0,0,0,0,0,0,0,0,2013,387.4583794,4644.246382
2013014,200,0,0,0,0,0,0,0,0,0,0,0,0,0,2013,387.4583794,4644.246382
2013014,225,0,0,0,0,0,0,0,0,0,0,0,0,0,2013,387.4583794,4644.246382
2013014,250,0,0,0,0,0,0,0,0,0,0,0,0,0,2013,387.4583794,4644.246382
2013014,275,0,0,0,0,0,0,0,0,0,0,0,0,0,2013,387.4583794,4644.246382
2013014,300,0,0,0,0,0,0,0,0,0,0,0,0,0,2013,387.4583794,4644.246382
2013014,325,0,0,0,0,0,0,0,0,0,0,0,0,0,2013,387.4583794,4644.246382
2013014,350,0,0,0,0,0,0,0,0,0,0,0,0,0,2013,387.4583794,4644.246382
2013014,375,0,0,0,0,0,0,0,0,0,0,0,0,0,2013,387.4583794,4644.246382
2013014,400,0,0,0,0,0,0,0,0,0,0,0,0,0,2013,387.4583794,4644.246382
2013014,425,0,0,0,0,0,0,0,0,1,0,0,0,0,2013,387.4583794,4644.246382
2013014,450,0,0,0,0,0,0,0,0,0,0,0,0,0,2013,387.4583794,4644.246382
2013014,475,0,0,0,0,0,0,0,0,0,0,0,0,0,2013,387.4583794,4644.246382
2013014,500,0,0,0,0,0,0,0,0,0,0,0,0,0,2013,387.4583794,4644.246382
2013014,525,0,0,0,0,0,0,0,0,0,0,0,0,0,2013,387.4583794,4644.246382
2013014,550,0,0,0,0,0,0,0,0,0,0,0,0,0,2013,387.4583794,4644.246382
2013014,575,0,0,0,0,0,0,0,0,1,0,0,0,0,2013,387.4583794,4644.246382
2013014,600,0,0,0,0,0,0,0,0,0,0,0,0,0,2013,387.4583794,4644.246382
2013014,625,0,0,0,0,0,0,0,0,0,0,0,0,0,2013,387.4583794,4644.246382
2013014,650,0,0,0,0,0,0,0,0,0,0,0,0,0,2013,387.4583794,4644.246382
2013014,675,0,0,0,0,0,0,0,0,0,0,0,0,0,2013,387.4583794,4644.246382
2013014,700,0,0,0,0,0,0,0,0,0,0,0,0,0,2013,387.4583794,4644.246382
2013014,725,0,0,0,0,0,0,0,0,0,0,0,0,0,2013,387.4583794,4644.246382
